pdb_id,seq,smiles,label
1ps3,CQDVVQDVPNVDVQMLELYDRMSFKDIDGGVWKQGWNIKYDPLKYNAHHKLKVFVVPHSHNDPGWIQTFEEYYQHDTKHILSNALRHLHDNPEMKFIWAEISYFARFYHDLGENKKLQMKSIVKNGQLEFVTGGWVMPDEANSHWRNVLLQLTEGQTWLKQFMNVTPTASWAIDPFGHSPTMPYILQKSGFKNMLIQRTHYSVKKELAQQRQLEFLWRQIWDNKGDTALFTHMMPFYSYDIPHTCGPDPKVCCQFDFKRMGSFGLSCPWKVPPRTISDQNVAARSDLLVDQWKKKAELYRTNVLLIPLGDDFRFKQNTEWDVQRVNYERLFEHINSQAHFNVQAQFGTLQEYFDAVHQAERAGQAEFPTLSGDFFTYADRSDNYWSGYYTSRPYHKRMDRVLMHYVRAAEMLSAWHSWDGMARIEERLEQARRELSLFQHHDGITGTAKTHVVVDYEQRMQEALKACQMVMQQSVYRLLTKPSIYSPDFSFSYFTLDDSRWPGSGVEDSRTTIILGEDILPSKHVVMHNTLPHWREQLVDFYVSSPFVSVTDLANNPVEAQVSPVWSWHHDTLTKTIHPQGSTTKYRIIFKARVPPMGLATYVLTISDSKPEHTSYASNLLLRKNPTSLPLGQYPEDVKFGDPREISLRVGNGPTLAFSEQGLLKSIQLTQDSPHVPVHFKFLKYGVRSHGDRSGAYLFLPNGPASPVELGQPVVLVTKGKLESSVSVGLPSVVHQTIMRGGAPEIRNLVDIGSLDNTEIVMRLETHIDSGDIFYTDLNGLQFIKRRRLDKLPLQANYYPIPSGMFIEDANTRLTLLTGQPLGGSSLASGELEIMQDRRLASDDERGLGQGVLDNKPVLHIYRLVLEKVNNCVRPSKLHPAGYLTSAAHKASQSLLDPLDKFIFAENEWIGAQGQFGGDHPSAREDLDVSVMRRLTKSSAKTQRVGYVLHRTNLMQCGTPEEHTQKLDVCHLLPNVARCERTTLTFLQNLEHLDGMVAPEVCPMETAAYVSSHS,O=C1N[C@@H]2[C@@H](O)[C@@H](O)[C@H](O)[C@@H](CO)N2C1=O,2.28
3d4z,QCQDVVQDVPNVDVQMLELYDRMSFKDIDGGVWKQGWNIKYDPLKYNAHHKLKVFVVPHSHNDPGWIQTFEEYYQHDTKHILSNALRHLHDNPEMKFIWAEISYFARFYHDLGENKKLQMKSIVKNGQLEFVTGGWVMPDEANSHWRNVLLQLTEGQTWLKQFMNVTPTASWAIDPFGHSPTMPYILQKSGFKNMLIQRTHYSVKKELAQQRQLEFLWRQIWDNKGDTALFTHMMPFYSYDIPHTCGPDPKVCCQFDFKRMGSFGLSCPWKVPPRTISDQNVAARSDLLVDQWKKKAELYRTNVLLIPLGDDFRFKQNTEWDVQRVNYERLFEHINSQAHFNVQAQFGTLQEYFDAVHQAERAGQAEFPTLSGDFFTYADRSDNYWSGYYTSRPYHKRMDRVLMHYVRAAEMLSAWHSWDGMARIEERLEQARRELSLFQHHDGITGTAKTHVVVDYEQRMQEALKACQMVMQQSVYRLLTKPSIYSPDFSFSYFTLDDSRWPGSGVEDSRTTIILGEDILPSKHVVMHNTLPHWREQLVDFYVSSPFVSVTDLANNPVEAQVSPVWSWHHDTLTKTIHPQGSTTKYRIIFKARVPPMGLATYVLTISDSKPEHTSYASNLLLRKNPTSLPLGQYPEDVKFGDPREISLRVGNGPTLAFSEQGLLKSIQLTQDSPHVPVHFKFLKYGVRSHGDRSGAYLFLPNGPASPVELGQPVVLVTKGKLESSVSVGLPSVVHQTIMRGGAPEIRNLVDIGSLDNTEIVMRLETHIDSGDIFYTDLNGLQFIKRRRLDKLPLQANYYPIPSGMFIEDANTRLTLLTGQPLGGSSLASGELEIMQDRRLASDDERGLGQGVLDNKPVLHIYRLVLEKVNNCVRPSKLHPAGYLTSAAHKASQSLLDPLDKFIFAENEWIGAQGQFGGDHPSAREDLDVSVMRRLTKSSAKTQRVGYVLHRTNLMQCGTPEEHTQKLDVCHLLPNVARCERTTLTFLQNLEHLDGMVAPEVCPMETAAYVSSHSS,OC[C@@H]1[C@@H](O)[C@H](O)[C@@H](O)c2nccn21,4.89
3ejr,QCQDVVQDVPNVDVQMLELYDRMSFKDIDGGVWKQGWNIKYDPLKYNAHHKLKVFVVPHSHNDPGWIQTFEEYYQHDTKHILSNALRHLHDNPEMKFIWAEISYFARFYHDLGENKKLQMKSIVKNGQLEFVTGGWVMPDEANSHWRNVLLQLTEGQTWLKQFMNVTPTASWAIDPFGHSPTMPYILQKSGFKNMLIQRTHYSVKKELAQQRQLEFLWRQIWDNKGDTALFTHMMPFYSYDIPHTCGPDPKVCCQFDFKRMGSFGLSCPWKVPPRTISDQNVAARSDLLVDQWKKKAELYRTNVLLIPLGDDFRFKQNTEWDVQRVNYERLFEHINSQAHFNVQAQFGTLQEYFDAVHQAERAGQAEFPTLSGDFFTYADRSDNYWSGYYTSRPYHKRMDRVLMHYVRAAEMLSAWHSWDGMARIEERLEQARRELSLFQHHDGITGTAKTHVVVDYEQRMQEALKACQMVMQQSVYRLLTKPSIYSPDFSFSYFTLDDSRWPGSGVEDSRTTIILGEDILPSKHVVMHNTLPHWREQLVDFYVSSPFVSVTDLANNPVEAQVSPVWSWHHDTLTKTIHPQGSTTKYRIIFKARVPPMGLATYVLTISDSKPEHTSYASNLLLRKNPTSLPLGQYPEDVKFGDPREISLRVGNGPTLAFSEQGLLKSIQLTQDSPHVPVHFKFLKYGVRSHGDRSGAYLFLPNGPASPVELGQPVVLVTKGKLESSVSVGLPSVVHQTIMRGGAPEIRNLVDIGSLDNTEIVMRLETHIDSGDIFYTDLNGLQFIKRRRLDKLPLQANYYPIPSGMFIEDANTRLTLLTGQPLGGSSLASGELEIMQDRRLASDDERGLGQGVLDNKPVLHIYRLVLEKVNNCVRPSKLHPAGYLTSAAHKASQSLLDPLDKFIFAENEWIGAQGQFGGDHPSAREDLDVSVMRRLTKSSAKTQRVGYVLHRTNLMQCGTPEEHTQKLDVCHLLPNVARCERTTLTFLQNLEHLDGMVAPEVCPMETAAYVSSHSS,CC(C)(C)c1ccc(C(=O)C[C@H]2CC[C@@H](O)[C@@H]3[C@H](O)[C@H](O)C[N+]23)cc1,8.57
2qmj,VNELERINCIPDQPPTKATCDQRGCCWNPQGAVSVPWCYYSKNHSYHVEGNLVNTNAGFTARLKNLPSSPVFGSNVDNVLLTAEYQTSNRFHFKLTDQTNNRFEVPHEHVQSFSGNAAASLTYQVEISRQPFSIKVTRRSNNRVLFDSSIGPLLFADQFLQLSTRLPSTNVYGLGEHVHQQYRHDMNWKTWPIFNRDTTPNGNGTNLYGAQTFFLCLEDASGLSFGVFLMNSNAMEVVLQPAPAITYRTIGGILDFYVFLGNTPEQVVQEYLELIGRPALPSYWALGFHLSRYEYGTLDNMREVVERNRAAQLPYDVQHADIDYMDERRDFTYDSVDFKGFPEFVNELHNNGQKLVIIVDPAISNNSSSSKPYGPYDRGSDMKIWVNSSDGVTPLIGEVWPGQTVFPDYTNPNCAVWWTKEFELFHNQVEFDGIWIDMNEVSNFVDGSVSGCSTNNLNNPPFTPRILDGYLFCKTLCMDAVQHWGKQYDIHNLYGYSMAVATAEAAKTVFPNKRSFILTRSTFAGSGKFAAHWLGDNTATWDDLRWSIPGVLEFNLFGIPMVGPDICGFALDTPEELCRRWMQLGAFYPFSRNHNGQGYKDQDPASFGADSLLLNSSRHYLNIRYTLLPYLYTLFFRAHSRGDTVARPLLHEFYEDNSTWDVHQQFLWGPGLLITPVLDEGAEKVMAYVPDAVWYDYETGSQVRWRKQKVEMELPGDKIGLHLRGGYIFPTQQPNTTTLASRKNPLGLIIALDENKEAKGELFWDDGETKDTVANKVYLLCEFSVTQNRLEVNISQSTYKDPNNLAFNEIKILGTEEPSNVTVKHNGVPSTSPTVTYDSNLKVAIITDIDLLLGEAYTVEWAH,C[C@H]1O[C@H](O[C@H]2[C@H](O)[C@@H](O)[C@@H](O[C@H]3[C@H](O)[C@@H](O)[C@@H](O)O[C@@H]3CO)O[C@@H]2CO)[C@H](O)[C@@H](O)[C@@H]1[NH2+][C@H]1C=C(CO)[C@@H](O)[C@H](O)[C@H]1O,4.21
3l4w,VNELERINCIPDQPPTKATCDQRGCCWNPQGAVSVPWCYYSKNHSYHVEGNLVNTNAGFTARLKNLPSSPVFGSNVDNVLLTAEYQTSNRFHFKLTDQTNNRFEVPHEHVQSFSGNAAASLTYQVEISRQPFSIKVTRRSNNRVLFDSSIGPLLFADQFLQLSTRLPSTNVYGLGEHVHQQYRHDMNWKTWPIFNRDTTPNGNGTNLYGAQTFFLCLEDASGLSFGVFLMNSNAMEVVLQPAPAITYRTIGGILDFYVFLGNTPEQVVQEYLELIGRPALPSYWALGFHLSRYEYGTLDNMREVVERNRAAQLPYDVQHADIDYMDERRDFTYDSVDFKGFPEFVNELHNNGQKLVIIVDPAISNNSSSSKPYGPYDRGSDMKIWVNSSDGVTPLIGEVWPGQTVFPDYTNPNCAVWWTKEFELFHNQVEFDGIWIDMNEVSNFVDGSVSGCSTNNLNNPPFTPRILDGYLFCKTLCMDAVQHWGKQYDIHNLYGYSMAVATAEAAKTVFPNKRSFILTRSTFAGSGKFAAHWLGDNTATWDDLRWSIPGVLEFNLFGIPMVGPDICGFALDTPEELCRRWMQLGAFYPFSRNHNGQGYKDQDPASFGADSLLLNSSRHYLNIRYTLLPYLYTLFFRAHSRGDTVARPLLHEFYEDNSTWDVHQQFLWGPGLLITPVLDEGAEKVMAYVPDAVWYDYETGSQVRWRKQKVEMELPGDKIGLHLRGGYIFPTQQPNTTTLASRKNPLGLIIALDENKEAKGELFWDDGETKDTVANKVYLLCEFSVTQNRLEVNISQSTYKDPNNLAFNEIKILGTEEPSNVTVKHNGVPSTSPTVTYDSNLKVAIITDIDLLLGEAYTVEWAH,OCC[N+]1C[C@H](O)[C@@H](O)[C@H](O)[C@H]1CO,6.0
3l4u,VNELERINCIPDQPPTKATCDQRGCCWNPQGAVSVPWCYYSKNHSYHVEGNLVNTNAGFTARLKNLPSSPVFGSNVDNVLLTAEYQTSNRFHFKLTDQTNNRFEVPHEHVQSFSGNAAASLTYQVEISRQPFSIKVTRRSNNRVLFDSSIGPLLFADQFLQLSTRLPSTNVYGLGEHVHQQYRHDMNWKTWPIFNRDTTPNGNGTNLYGAQTFFLCLEDASGLSFGVFLMNSNAMEVVLQPAPAITYRTIGGILDFYVFLGNTPEQVVQEYLELIGRPALPSYWALGFHLSRYEYGTLDNMREVVERNRAAQLPYDVQHADIDYMDERRDFTYDSVDFKGFPEFVNELHNNGQKLVIIVDPAISNNSSSSKPYGPYDRGSDMKIWVNSSDGVTPLIGEVWPGQTVFPDYTNPNCAVWWTKEFELFHNQVEFDGIWIDMNEVSNFVDGSVSGCSTNNLNNPPFTPRILDGYLFCKTLCMDAVQHWGKQYDIHNLYGYSMAVATAEAAKTVFPNKRSFILTRSTFAGSGKFAAHWLGDNTATWDDLRWSIPGVLEFNLFGIPMVGPDICGFALDTPEELCRRWMQLGAFYPFSRNHNGQGYKDQDPASFGADSLLLNSSRHYLNIRYTLLPYLYTLFFRAHSRGDTVARPLLHEFYEDNSTWDVHQQFLWGPGLLITPVLDEGAEKVMAYVPDAVWYDYETGSQVRWRKQKVEMELPGDKIGLHLRGGYIFPTQQPNTTTLASRKNPLGLIIALDENKEAKGELFWDDGETKDTVANKVYLLCEFSVTQNRLEVNISQSTYKDPNNLAFNEIKILGTEEPSNVTVKHNGVPSQTSPTVTYDSNLKVAIITDIDLLLGEAYTVEWAH,OC[C@@H]1[C@@H](O)[C@H](O)C[S@@+]1C[C@@H](O)[C@@H](O)[C@H](O)[C@H](O)[C@@H](O)CO,7.52
3l7b,QISVRGLAGVENVTELKKNFNRHLHFTLVKDRNVATPRDYYFALAHTVRDHLVGRWIRTQQHYYEKDPKRIYYLSLEFYMGRTLQNTMVNLALENACDEATYQLGLDMEELEEIEEDAGLGNGGLGRLAACFLDSMATLGLAAYGYGIRYEFGIFNQKICGGWQMEEADDWLRYGNPWEKARPEFTLPVHFYGRVEHTSQGAKWVDTQVVLAMPYDTPVPGYRNNVVNTMRLWSAKAPNDFNLGYIQAVLDRNLAENISRVLYPNDNFFEGKELRLKQEYFVVAATLQDIIRRFKSSNFDAFPDKVAIQLNDTHPSLAIPELMRVLVDLERLDWDKAWEVTVKTCAYTNHTVLPEALERWPVHLLETLLPRHLQIIYEINQRFLNRVAAAFPGDVDRLRRMSLVEEGAVKRINMAHLCIAGSHAVNGVARIHSEILKKTIFKDFYELEPHKFQNKTNGITPRRWLVLCNPGLAEIIAERIGEEYISDLDQLRKLLSYVDDEAFIRDVAKVKQENKLKFAAYLEREYKVHINPNSLFDVQVKRIHEYKRQLLNCLHVITLYNRIKKEPNKFVVPRTVMIGGKAAPGYHMAKMIIKLITAIGDVVNHDPVVGDRLRVIFLENYRVSLAEKVIPAADLSEQISTAGTEASGTGNMFMLNGALTIGTMDGANVEMAEEAGEENFFIFGMRVEDVDRLDQRGYNAQEYYDRIPELRQIIEQLSSGFFSPKQPDLFKDIVNMLMHHDRFKVFADYEEYVKCQERVSALYKNPREWTRMVIRNIATSGKFSSDRTIAQYAREIWGVEPSRQRLPA,[H]/N=c1\ccn([C@@H]2O[C@H](CO)[C@@H](O)[C@H](F)[C@H]2O)c(=O)[nH]1,2.4
3g2n,QISVRGLAGVENVTELKKNFNRHLHFTLVKDRNVATPRDYYFALAHTVRDHLVGRWIRTQQHYYEKDPKRIYYLSLEFYMGRTLQNTMVNLALENACDEATYQLGLDMEELEEIEEDAGLGNGGLGRLAACFLDSMATLGLAAYGYGIRYEFGIFNQKICGGWQMEEADDWLRYGNPWEKARPEFTLPVHFYGRVEHTSQGAKWVDTQVVLAMPYDTPVPGYRNNVVNTMRLWSAKAPNDFNLNVGGYIQAVLDRNLAENISRVLYPNDNFFEGKELRLKQEYFVVAATLQDIIRRFKSSKFGTNFDAFPDKVAIQLNDTHPSLAIPELMRVLVDLERLDWDKAWEVTVKTCAYTNHTVLPEALERWPVHLLETLLPRHLQIIYEINQRFLNRVAAAFPGDVDRLRRMSLVEEGAVKRINMAHLCIAGSHAVNGVARIHSEILKKTIFKDFYELEPHKFQNKTNGITPRRWLVLCNPGLAEIIAERIGEEYISDLDQLRKLLSYVDDEAFIRDVAKVKQENKLKFAAYLEREYKVHINPNSLFDVQVKRIHEYKRQLLNCLHVITLYNRIKKEPNKFVVPRTVMIGGKAAPGYHMAKMIIKLITAIGDVVNHDPVVGDRLRVIFLENYRVSLAEKVIPAADLSEQISTAGTEASGTGNMFMLNGALTIGTMDGANVEMAEEAGEENFFIFGMRVEDVDRLDQRGYNAQEYYDRIPELRQIIEQLSSGFFSPKQPDLFKDIVNMLMHHDRFKVFADYEEYVKCQERVSALYKNPREWTRMVIRNIATSGKFSSDRTIAQYAREIWGVEPSRQRLPA,O=C(N[C@@H]1O[C@H](CO)[C@@H](O)[C@H](O)[C@H]1O)c1ccccc1,4.09
3ebp,QISVRGLAGVENVTELKKNFNRHLHFTLVKDRNVATPRDYYFALAHTVRDHLVGRWIRTQQHYYEKDPKRIYYLSLEFYMGRTLQNTMVNLALENACDEATYQLGLDMEELEEIEEDAGLGNGGLGRLAACFLDSMATLGLAAYGYGIRYEFGIFNQKICGGWQMEEADDWLRYGNPWEKARPEFTLPVHFYGRVEHTSQGAKWVDTQVVLAMPYDTPVPGYRNNVVNTMRLWSAKAPNDFNLGYIQAVLDRNLAENISRVLYPNDNFFEGKELRLKQEYFVVAATLQDIIRRFKSSTNFDAFPDKVAIQLNDTHPSLAIPELMRVLVDLERLDWDKAWEVTVKTCAYTNHTVLPEALERWPVHLLETLLPRHLQIIYEINQRFLNRVAAAFPGDVDRLRRMSLVEEGAVKRINMAHLCIAGSHAVNGVARIHSEILKKTIFKDFYELEPHKFQNKTNGITPRRWLVLCNPGLAEIIAERIGEEYISDLDQLRKLLSYVDDEAFIRDVAKVKQENKLKFAAYLEREYKVHINPNSLFDVQVKRIHEYKRQLLNCLHVITLYNRIKKEPNKFVVPRTVMIGGKAAPGYHMAKMIIKLITAIGDVVNHDPVVGDRLRVIFLENYRVSLAEKVIPAADLSEQISTAGTEASGTGNMFMLNGALTIGTMDGANVEMAEEAGEENFFIFGMRVEDVDRLDQRGYNAQEYYDRIPELRQIIEQLSSGFFSPKQPDLFKDIVNMLMHHDRFKVFADYEEYVKCQERVSALYKNPREWTRMVIRNIATSGKFSSDRTIAQYAREIWGVEPSRQRLPA,C[N+]1CC[C@H](c2c(O)cc(O)c3c(=O)cc(-c4ccccc4Cl)oc23)[C@H](O)C1,5.91
2w66,SLQPPPQQLIVQNKTIDLPAVYQLNGGEEANPHAVKVLKELLSGKQSSKKGMLISIGEKGDKSVRKYSRQIPDHKEGYYLSVNEKEIVLAGNDERGTYYALQTFAQLLKDGKLPEVEIKDYPSVRYRGVVEGFYGTPWSHQARLSQLKFYGKNKMNTYIYGPKDDPYHSAPNWRLPYPDKEAAQLQELVAVANENEVDFVWAIHPGQDIKWNKEDRDLLLAKFEKMYQLGVRSFAVFFDDISGEGTNPQKQAELLNYIDEKFAQVKPDINQLVMCPTEYNKSWSNPNGNYLTTLGDKLNPSIQIMWTGDRVISDITRDGISWINERIKRPAYIWWNFPVSDYVRDHLLLGPVYGNDTTIAKEMSGFVTNPMEHAESSKIAIYSVASYAWNPAKYDTWQTWKDAIRTILPSAAEELECFAMHNSDLGPNGHGYRREESMDIQPAAERFLKAFKEGKNYDKADFETLQYTFERMKESADILLMNTENKPLIVEITPWVHQFKLTAEMGEEVLKMVEGRNESYFLRKYNHVKALQQQMFYIDQTSNQNPYQPGVKTATRVIKPLIDRTFATVVKFFNQKFNAHLDATTDYMPHKMLPLQVKANRVLISPVEIELDAIYPGENIQINFRLSAGLQKAPVKFVRFFVLTIEK,CC(=O)N[C@@H]1[C@@H](O)[C@H](O)[C@@H](CO)[NH2+]C[C@H]1O,4.05
2wca,LQPPPQQLIVQNKTIDLPAVYQLNGGEEANPHAVKVLKELLSGMLISIGEKGDKSVRKYSRQIPDHKEGYYLSVNEKEIVLAGNDERGTYYALQTFAQLLKDGKLPEVEIKDYPSVRYRGVVEGFYGTPWSHQARLSQLKFYGKNKMNTYIYGPKDDPYHSAPNWRLPYPDKEAAQLQELVAVANENEVDFVWAIHPGQDIKWNKEDRDLLLAKFEKMYQLGVRSFAVFFDDISGEGTNPQKQAELLNYIDEKFAQVKPDINQLVMCPTEYNKSWSNPNGNYLTTLGDKLNPSIQIMWTGDRVISDITRDGISWINERIKRPAYIWWNFPVSDYVRDHLLLGPVYGNDTTIAKEMSGFVTNPMEHAESSKIAIYSVASYAWNPAKYDTWQTWKDAIRTILPSAAEELECFAMHNSDLGPNGHGYRREESMDIQPAAERFLKAFKEGKNYDKADFETLQYTFERMKESADILLMNTENKPLIVEITPWVHQFKLTAEMGEEVLKMVEGRNESYFLRKYNHVKALQQQMFYIDQTSNQNPYQPGVKTATRVIKPLIDRTFATVVKFFNQKFNAHLDATTD,CCCC(=O)N[C@H]1/C(=N/OC(=O)Nc2ccccc2)O[C@H](CO)[C@@H](O)[C@@H]1O,5.6
2vvn,SLQPPPQQLIVQNKTIDLPAVYQLNGGEEANPHAVKVLKELLSGKQSSKKGMLISIGEKGDKSVRKYSRQIPDHKEGYYLSVNEKEIVLAGNDERGTYYALQTFAQLLKDGKLPEVEIKDYPSVRYRGVVEGFYGTPWSHQARLSQLKFYGKNKMNTYIYGPKDDPYHSAPNWRLPYPDKEAAQLQELVAVANENEVDFVWAIHPGQDIKWNKEDRDLLLAKFEKMYQLGVRSFAVFFDDISGEGTNPQKQAELLNYIDEKFAQVKPDINQLVMCPTEYNKSWSNPNGNYLTTLGDKLNPSIQIMWTGDRVISDITRDGISWINERIKRPAYIWWNFPVSDYVRDHLLLGPVYGNDTTIAKEMSGFVTNPMEHAESSKIAIYSVASYAWNPAKYDTWQTWKDAIRTILPSAAEELECFAMHNSDLGPNGHGYRREESMDIQPAAERFLKAFKEGKNYDKADFETLQYTFERMKESADILLMNTENKPLIVEITPWVHQFKLTAEMGEEVLKMVEGRNESYFLRKYNHVKALQQQMFYIDQTSNQNPYQPGVKTATRVIKPLIDRTFATVVKFFNQKFNAHLDATTDYMPHKMLPLQVKANRVLISPVEIELDAIYPGENIQINFRLSAGLQKAPVKFVRFQFVLTIEK,CCNC1=N[C@@H]2[C@@H](O)[C@H](O)[C@@H](CO)O[C@@H]2S1,7.3
2x97,ALVKEEIQAKEYLENLNKELAKRTNVETEAAWAYGSNITDENEKKKNEISAELAKFMKEVASDTTKFQWRSYQSEDLKRQFKALTKLGYAALPEDDYAELLDTLSAMESNFAKVKVCDYKDSTKCDLALDPEIEEVISKSRDHEELAYYWREFYDKAGTAVRSQFERYVELNTKAAKLNNFTSGAEAWLDEYEDDTFEQQLEDIFADIRPLYQQIHGYVRFRLRKHYGDAVVSETGPIPMHLLGNMWAQQWSEIADIVSPFPEKPLVDVSAEMEKQGYTPLKMFQMGDDFFTSMNLTKLPQDFWDKSIIEKPTDGRDLVCHASAWDFYLTDDVRIKQCTRVTQDQLFTVHHELGHIQYFLQYQHQPFVYRTGANPGFHEAVGDVLSLSVSTPKHLEKIGLLKDYVRDDEARINQLFLTALDKIVFLPFAFTMDKYRWSLFRGEVDKANWNCAFWKLRDEYSGIEPPVVRSEKDFDAPAKYHISADVEYLRYLVSFIIQFQFYKSACIKAGQYDPDNVELPLDNCDIYGSAAAGAAFHNMLSMGASKPWPDALEAFNGERIMSGKAIAEYFEPLRVWLEAENIKNNVHIGWTTSNKCVS,CC(=O)N[C@@H](CC(=O)[O-])C(=O)N[C@@H](Cc1ccccc1)[P@](=O)([O-])C[C@@H](C)C(=O)N[C@@H](C)C(N)=O,5.66
2xhm,ALVKEEIQAKEYLENLNKELAKRTNVETEAAWAYGSNITDENEKKKNEISAELAKFMKEVASDTTKFQWRSYQSEDLKRQFKALTKLGYAALPEDDYAELLDTLSAMESNFAKVKVCDYKDSTKCDLALDPEIEEVISKSRDHEELAYYWREFYDKAGTAVRSQFERYVELNTKAAKLNNFTSGAEAWLDEYEDDTFEQQLEDIFADIRPLYQQIHGYVRFRLRKHYGDAVVSETGPIPMHLLGNMWAQQWSEIADIVSPFPEKPLVDVSAEMEKQGYTPLKMFQMGDDFFTSMNLTKLPQDFWDKSIIEKPTDGRDLVCHASAWDFYLTDDVRIKQCTRVTQDQLFTVHHELGHIQYFLQYQHQPFVYRTGANPGFHEAVGDVLSLSVSTPKHLEKIGLLKDYVRDDEARINQLFLTALDKIVFLPFAFTMDKYRWSLFRGEVDKANWNCAFWKLRDEYSGIEPPVVRSEKDFDAPAKYHISADVEYLRYLVSFIIQFQFYKSACIKAGQYDPDNVELPLDNCDIYGSAAAGAAFHNMLSMGASKPWPDALEAFNGERIMSGKAIAEYFEPLRVWLEAENIKNNVHIGWTTSNKCVS,CC[C@H](C)[C@H](NC(C)=O)C(=O)N[C@@H](Cc1ccc(O)cc1)C(=O)N[C@@H](Cc1ccc(O)cc1)P(=O)([O-])[O-],6.8
2x8z,ALVKEEIQAKEYLENLNKELAKRTNVETEAAWAYGSNITDENEKKKNEISAELAKFMKEVASDTTKFQWRSYQSEDLKRQFKALTKLGYAALPEDDYAELLDTLSAMESNFAKVKVCDYKDSTKCDLALDPEIEEVISKSRDHEELAYYWREFYDKAGTAVRSQFERYVELNTKAAKLNNFTSGAEAWLDEYEDDTFEQQLEDIFADIRPLYQQIHGYVRFRLRKHYGDAVVSETGPIPMHLLGNMWAQQWSEIADIVSPFPEKPLVDVSAEMEKQGYTPLKMFQMGDDFFTSMNLTKLPQDFWDKSIIEKPTDGRDLVCHASAWDFYLTDDVRIKQCTRVTQDQLFTVHHELGHIQYFLQYQHQPFVYRTGANPGFHEAVGDVLSLSVSTPKHLEKIGLLKDYVRDDEARINQLFLTALDKIVFLPFAFTMDKYRWSLFRGEVDKANWNCAFWKLRDEYSGIEPPVVRSEKDFDAPAKYHISADVEYLRYLVSFIIQFQFYKSACIKAGQYDPDNVELPLDNCDIYGSAAAGAAFHNMLSMGASKPWPDALEAFNGERIMSGKAIAEYFEPLRVWLEAENIKNNVHIGWTTSNKCVS,C[C@H](CS)C(=O)N1CCC[C@H]1C(=O)[O-],7.96
2x0y,QVLVPNLNPTPENLEVVGDGFKITSSINLVGEEEADENAVNALREFLTANNIEINSENDPNSTTLIIGEVDDDIPELDEALNGTTAENLKEEGYALVSNDGKIAIEGKDGDGTFYGVQTFKQLVKESNIPEVNITDYPTVSARGIVEGFYGTPWTHQDRLDQIKFYGENKLNTYIYAPKDDPYHREKWREPYPESEMQRMQELINASAENKVDFVFGISPGIDIRFDGDAGEEDFNHLITKAESLYDMGVRSFAIYWDDIQDKSAAKHAQVLNRFNEEFVKAKGDVKPLITVPTEYDTGAMVSNGQPRAYTRIFAETVDPSIEVMWTGPGVVTNEIPLSDAQLISGIYNRNMAVWWNYPVTDYFKGKLALGPMHGLDKGLNQYVDFFTVNPMEHAELSKISIHTAADYSWNMDNYDYDKAWNRAIDMLYGDLAEDMKVFANHSTRMDNKTWAKSGREDAPELRAKMDELWNKLSSKEDASALIEELYGEFARMEEACNNLKANLPEVALEECSRQLDELITLAQGDKASLDMIVAQLNEDTEAYESAKEIAQNKLNTALSSFAVISEKVAQSFIQEALSFDLTLI,Cn1c(=O)c2c(ncn2C[C@H](O)CO)n(C)c1=O,4.6
2cbj,QVLVPNLNPTPENLEVVGDGFKITSSINLVGEEEADENAVNALREFLTANNIEINSENDPNSTTLIIGEVDDDIPELDEALNGTTAENLKEEGYALVSNDGKIAIEGKDGDGTFYGVQTFKQLVKESNIPEVNITDYPTVSARGIVEGFYGTPWTHQDRLDQIKFYGENKLNTYIYAPKDDPYHREKWREPYPESEMQRMQELINASAENKVDFVFGISPGIDIRFDGDAGEEDFNHLITKAESLYDMGVRSFAIYWDDIQDKSAAKHAQVLNRFNEEFVKAKGDVKPLITVPTEYDTGAMVSNGQPRAYTRIFAETVDPSIEVMWTGPGVVTNEIPLSDAQLISGIYNRNMAVWWNYPVTDYFKGKLALGPMHGLDKGLNQYVDFFTVNPMEHAELSKISIHTAADYSWNMDNYDYDKAWNRAIDMLYGDLAEDMKVFANHSTRMDNKTWAKSGREDAPELRAKMDELWNKLSSKEDASALIEELYGEFARMEEACNNLKANLPEVALEECSRQLDELITLAQGDKASLDMIVAQLNEDTEAYESAKEIAQNKLNTALSSFAVISEKVAQSFIQEALSFDLTLI,CC(=O)N[C@H]1/C(=N/OC(=O)Nc2ccccc2)O[C@H](CO)[C@@H](O)[C@@H]1O,8.27
2j62,QVLVPNLNPTPENLEVVGDGFKITSSINLVGEEEADENAVNALREFLTANNIEINSENDPNSTTLIIGEVDDDIPELDEALNGTTAENLKEEGYALVSNDGKIAIEGKDGDGTFYGVQTFKQLVKESNIPEVNITDYPTVSARGIVEGFYGTPWTHQDRLDQIKFYGENKLNTYIYAPKDDPYHREKWREPYPESEMQRMQELINASAENKVDFVFGISPGIDIRFDGDAGEEDFNHLITKAESLYDMGVRSFAIYWDDIQDKSAAKHAQVLNRFNEEFVKAKGDVKPLITVPTEYDTGAMVSNGQPRAYTRIFAETVDPSIEVMWTGPGVVTNEIPLSDAQLISGIYDRNMAVWWNYPVTDYFKGKLALGPMHGLDKGLNQYVDFFTVNPMEHAELSKISIHTAADYSWNMDNYDYDKAWNRAIDMLYGDLAEDMKVFANHSTRMDNKTWAKSGREDAPELRAKMDELWNKLSSKEDASALIEELYGEFARMEEACNNLKANLPEVALEECSRQLDELITLAQGDKASLDMIVAQLNEDTEAYESAKEIAQNKLNTALSSFAVISEKVAQSFIQEALSFDLTLI,CC(C)C(=O)N[C@H]1c2nc(CCc3ccccc3)cn2[C@H](CO)[C@@H](O)[C@@H]1O,11.34
3bkk,VTDEAEASKFVEEYDRTSQVVWNEYAGANWNYNTNITTETSKILLQKNMQIAQHTLKYGTQARKFDVNQLQNTTIKRIIKKVQDLERAALPAQELEEYNKILLDMETTYSVATVCHPQGSCLQLEPDLTNVMATSRKYEDLLWAWEGWRDKAGRAILQFYPKYVELINQAARLNGYVDAGDSWRSMYETPSLEQDLERLFQELQPLYLNLHAYVRRALHRHYGAQHINLEGPIPAHLLGNMWAQTWSNIYDLVVPFPSAPSMDTTEAMLKQGWTPRRMFKEADDFFTSLGLLPVPPEFWQKSMLEKPTDGREVVCHASAWDFYNGKDFRIKQCTTVNLEDLVVAHHEMGHIQYFMQYKDLPVALREGANPGFHEAIGDVLALSVSTPKHLHSLNLLSSEGGSDEHDINFLMKMALDKIAFIPFSYLVDQWRWRVFDGSITKENYNQEWWSLRLKYQGLCPPVPRTQGDFDPGAKFHIPSSVPYIRYFVSFIIQFQFHEALCQAAGHTGPLHKCDIYQSKEAGQRLATAMKLGFSRPWPEAMQLITGQPQMSASAMLSYFKPLLDWLRTENELHGEKLGWPQYNWTP,O=C(CCC(O)(O)[C@H](Cc1ccccc1)NC(=O)c1ccccc1)N[C@@H](Cc1ccccc1)C(=O)[O-],6.08
3l3n,DEAEASKFVEEYDRTSQVVWNEYAGANWNYNTNITTETSKILLQKNMQIAQHTLKYGTQARKFDVNQLQNTTIKRIIKKVQDLERAALPAQELEEYNKILLDMETTYSVATVCHPQGSCLQLEPDLTNVMATSRKYEDLLWAWEGWRDKAGRAILQFYPKYVELINQAARLNGYVDAGDSWRSMYETPSLEQDLERLFQELQPLYLNLHAYVRRALHRHYGAQHINLEGPIPAHLLGNMWAQTWSNIYDLVVPFPSAPSMDTTEAMLKQGWTPRRMFKEADDFFTSLGLLPVPPEFWQKSMLEKPTDGREVVCHASAWDFYNGKDFRIKQCTTVNLEDLVVAHHEMGHIQYFMQYKDLPVALREGANPGFHEAIGDVLALSVSTPKHLHSLNLLSSSDEHDINFLMKMALDKIAFIPFSYLVDQWRWRVFDGSITKENYNQEWWSLRLKYQGLCPPVPRTQGDFDPGAKFHIPSSVPYIRYFVSFIIQFQFHEALCQAAGHTGPLHKCDIYQSKEAGQRLATAMKLGFSRPWPEAMQLITGQPQMSASAMLSYFKPLLDWLRTENELHGEKLGWP,[NH3+]CCCC[C@H]([NH2+][C@@H](CCc1ccccc1)C(=O)[O-])C(=O)N[C@@H](Cc1c[nH]c2ccccc12)C(=O)[O-],8.18
2xy9,DEAEASKFVEEYDRTSQVVWNEYAEANWNYNTNITTETSKILLQKNMQIANHTLKYGTQARKFDVNQLQNTTIKRIIKKVQDLERAALPAQELEEYNKILLDMETTYSVATVCHPNGSCLQLEPDLTNVMATSRKYEDLLWAWEGWRDKAGRAILQFYPKYVELINQAARLNGYVDAGDSWRSMYETPSLEQDLERLFQELQPLYLNLHAYVRRALHRHYGAQHINLEGPIPAHLLGNMWAQTWSNIYDLVVPFPSAPSMDTTEAMLKQGWTPRRMFKEADDFFTSLGLLPVPPEFWNKSMLEKPTDGREVVCHASAWDFYNGKDFRIKQCTTVNLEDLVVAHHEMGHIQYFMQYKDLPVALREGANPGFHEAIGDVLALSVSTPKHLHSLNLLSSDEHDINFLMKMALDKIAFIPFSYLVDQWRWRVFDGSITKENYNQEWWSLRLKYQGLCPPVPRTQGDFDPGAKFHIPSSVPYIRYFVSFIIQFQFHEALCQAAGHTGPLHKCDIYQSKEAGQRLATAMKLGFSRPWPEAMQLITGQPNMSASAMLSYFKPLLDWLRTENELHGEKLGWPQYNWTPA,O=C(N[C@@H](Cc1ccccc1)[P@](=O)([O-])C[C@H](Cc1cc(-c2ccccc2)no1)C(=O)N[C@@H](Cc1ccc(O)cc1)C(=O)[O-])OCc1ccccc1,9.19
1gpk,SELLVNTKSGKVMGTRVPVLSSHISAFLGIPFAEPPVGNMRFRRPEPKKPWSGVWNASTYPNNCQQYVDEQFPGFSGSEMWNPNREMSEDCLYLNIWVPSPRPKSTTVMVWIYGGGFYSGSSTLDVYNGKYLAYTEEVVLVSLSYRVGAFGFLALHGSQEAPGNVGLLDQRMALQWVHDNIQFFGGDPKTVTIFGESAGGASVGMHILSPGSRDLFRRAILQSGSPNCPWASVSVAEGRRRAVELGRNLNCNLNSDEELIHCLREKKPQELIDVEWNVLPFDSIFRFSFVPVIDGEFFPTSLESMLNSGNFKKTQILLGVNKDEGSFFLLYGAPGFSKDSESKISREDFMSGVKLSVPHANDLGLDAVTLQYTDWMDDNNGIKNRDGLDDIVGDHNVICPLMHFVNKYTKFGNGTYLYFFNHRASNLVWPEWMGVIHGYEIEFVFGLPLVKELNYTAEEEALSRRIMHYWATFAKTGNPNEPESKWPLFTTKEQKFIDLNTEPMKVHQRLRVQMCVFWNQFLPKLLNAT,C/C=C1\[C@@H]2C=C(C)C[C@@]1([NH3+])c1ccc(=O)[nH]c1C2,5.37
1h23,SELLVNTKSGKVMGTRVPVLSSHISAFLGIPFAEPPVGNMRFRRPEPKKPWSGVWNASTYPNNCQQYVDEQFPGFSGSEMWNPNREMSEDCLYLNIWVPSPRPKSTTVMVWIYGGGFYSGSSTLDVYNGKYLAYTEEVVLVSLSYRVGAFGFLALHGSQEAPGNVGLLDQRMALQWVHDNIQFFGGDPKTVTIFGESAGGASVGMHILSPGSRDLFRRAILQSGSPNCPWASVSVAEGRRRAVELGRNLNCNLNSDEELIHCLREKKPQELIDVEWNVLPFDSIFRFSFVPVIDGEFFPTSLESMLNSGNFKKTQILLGVNKDEGSFFLLYGAPGFSKDSESKISREDFMSGVKLSVPHANDLGLDAVTLQYTDWMDDNNGIKNRDGLDDIVGDHNVICPLMHFVNKYTKFGNGTYLYFFNHRASNLVWPEWMGVIHGYEIEFVFGLPLVKELNYTAEEEALSRRIMHYWATFAKTGNPNEPSKWPLFTTKEQKFIDLNTEPMKVHQRLRVQMCVFWNQFLPKLLNAT,O=c1ccc2c([nH]1)CCC[C@@H]2[NH2+]CCCCCCCCCCCC[NH2+][C@H]1CCCc2[nH]c(=O)ccc21,8.35
1e66,SELLVNTKSGKVMGTRVPVLSSHISAFLGIPFAEPPVGNMRFRRPEPKKPWSGVWNASTYPNNCQQYVDEQFPGFSGSEMWNPNREMSEDCLYLNIWVPSPRPKSTTVMVWIYGGGFYSGSSTLDVYNGKYLAYTEEVVLVSLSYRVGAFGFLALHGSQEAPGNVGLLDQRMALQWVHDNIQFFGGDPKTVTIFGESAGGASVGMHILSPGSRDLFRRAILQSGSPNCPWASVSVAEGRRRAVELGRNLNCNLNSDEELIHCLREKKPQELIDVEWNVLPFDSIFRFSFVPVIDGEFFPTSLESMLNSGNFKKTQILLGVNKDEGSFFLLYGAPGFSKDSESKISREDFMSGVKLSVPHANDLGLDAVTLQYTDWMDDNNGIKNRDGLDDIVGDHNVICPLMHFVNKYTKFGNGTYLYFFNHRASNLVWPEWMGVIHGYEIEFVFGLPLVKELNYTAEEEALSRRIMHYWATFAKTGNPNEPHSQESKWPLFTTKEQKFIDLNTEPMKVHQRLRVQMCVFWNQFLPKLLNAT,CCC1=C[C@@H]2Cc3nc4cc(Cl)ccc4c(N)c3[C@H](C1)C2,9.89
3cj2,HMSYTWTGALITPCAAEESKLPINALSNSLLRHHNMVYATTSRSAGLRQKKVTFDRLQVLDDHYRDVLKEMKAKASTVKAKLLSVEEACKLTPPHSAKSKFGYGAKDVRNLSSKAVNHIHSVWKDLLEDTVTPIDTTIMAKNEVFCVQRKPARLIVFPDLGVRVCEKMALYDVVSTLPQVVMGSSYGFQYSPGQRVEFLVNTWKSKKNPMGFSYDTRCFDSTVTENDIRVEESIYQCCDLAPEARQAIKSLTERLYIGGPLTNSKGQNCGYRRCRASGVLTTSCGNTLTCYLKASAACRAAKLQDCTMLVNGDDLVVICESAGTQEDAASLRVFTEAMTRYSAPPGDPPQPEYDLELITSCSSNVSVAHDASGKRVYYLTRDPTTPLARAAWETARHTPVNSWLGNIIMYAPTLWARMILMTHFFSILLAQEQLEKALDCQIYGACYSIEPLDLPQIIERLHGLSAFSLHSYSPGEINRVASCLRKLGVPPLRVWRHRARSVRARLLSQGGRAATCGKYLFNWAVKTKLKLTPIPAASRLDLSGWFVAGYSGGDIYH,C[C@@H]1C[C@H](C)CN(C(=O)c2cc(Br)ccc2N)C1,4.85
2d3u,SMSYTWTGALITPCAAEESKLPINALSNSLLRHHNMVYATTSRSAGLRQKKVTFDRLQVLDDHYRDVLKEMKAKASTVKAKLLSVEEACKLTPPHSAKSKFGYGAKDVRNLSSKAVNHIHSVWKDLLEDTVTPIDTTIMAKNEVFCVQRKPARLIVFPDLGVRVCEKMALYDVVSTLPQVVMGSSYGFQYSPGQRVEFLVNTWKSKKNPMGFSYDTRCFDSTVTENDIRVEESIYQCCDLAPEARQAIKSLTERLYIGGPLTNSKGQNCGYRRCRASGVLTTSCGNTLTCYLKASAACRAAKLQDCTMLVNGDDLVVICESAGTQEDAASLRVFTEAMTRYSAPPGDPPQPEYDLELITSCSSNVSVAHDASGKRVYYLTRDPTTPLARAAWETARHTPVNSWLGNIIMYAPTLWARMILMTHFFSILLAQEQLEKALDCQIYGACYSIEPLDLPQIIERLHGLSAFSLHSYSPGEINRVASCLRKLGVPPLRVWRHRARSVRARLLSQGGRAATCGKYLFNWAVKTKLKLTPIPAASQLDLSGWFVAGYSGGDIYHS,Cc1ccccc1S(=O)(=O)Nc1cc(-c2ccc(C#N)cc2)sc1C(=O)[O-],6.92
3gnw,SMSYTWTGALITPCAAEESKLPINPLSNSLLRHHNMVYATTSRSASLRQKKVTFDRLQVLDDHYRDVLKEMKAKASTVKAKLLSIEEACKLTPPHSAKSKFGYGAKDVRNLSSRAVNHIRSVWEDLLEDTETPIDTTIMAKSEVFCVQPGRKPARLIVFPDLGVRVCEKMALYDVVSTLPQAVMGSSYGFQYSPKQRVEFLVNTWKSKKCPMGFSYDTRCFDSTVTESDIRVEESIYQCCDLAPEARQAIRSLTERLYIGGPLTNSKGQNCGYRRCRASGVLTTSCGNTLTCYLKATAACRAAKLQDCTMLVNGDDLVVICESAGTQEDAAALRAFTEAMTRYSAPPGDPPQPEYDLELITSCSSNVSVAHDASGKRVYYLTRDPTTPLARAAWETARHTPINSWLGNIIMYAPTLWARMILMTHFFSILLAQEQLEKALDCQIYGACYSIEPLDLPQIIERLHGLSAFTLHSYSPGEINRVASCLRKLGVPPLRTWRHRARSVRAKLLSQGGRAATCGRYLFNWAVRTKLKLTPIPAASQLDLSGWFVAGYSGGDIYHS,Cc1cccc(C(=O)N2c3cccc(O)c3NC3=C([C@@H]2c2ccc(OCc4ccccc4)cc2F)S(=O)(=O)CC(C)(C)C3)n1,9.1
3f3a,REHWATRLGLILAMAGNAVGLGNFLRFPVQAAENGGGAFMIPYIIAFLLVGIPLMWIEWAMGRYGGAQGHGTTPAIFYLLWRNRFAKILGVFGLWIPLVVAIYYVYIESWTLGFAIKFLVGLVPEPPTDPDSILRPFKEFLYSYIGVPKGDEPILKPSLFAYIVFLITMFINVSILIRGISKGIERFAKIAMPTLFILAVFLVIRVFLLETPNGTAADGLNFLWTPDFEKLKDPGVWIAAVGQIFFTLSLGFGAIITYASYVRKDQDIVLSGLTAATLNEKAEVILGGSISIPAAVAFFGVANAVAIAKAGAFNLGFITLPAIFSQTAGGTFLGFLWFFLLFFAGLTSSIAIMQPMIAFLEDELKLSRKHAVLWTAAIVFFSAHLVMFLNKSLDEMDFWAGTIGVVFFGLTELIIFFWIFGADKAWEEINRGGIIKVPRIYYYVMRYITPAFLAVLLVVWAREYIPKIMEETHWTVWITRFYIIGLFLFLTFLVFLAERRRNHE,N[C@@H](Cc1c[nH]c2ccccc12)C(=O)[O-],4.19
3f3c,REHWATRLGLILAMAGNAVGLGNFLRFPVQAAENGGGAFMIPYIIAFLLVGIPLMWIEWAMGRYGGAQGHGTTPAIFYLLWRNRFAKILGVFGLWIPLVVAIYYVYIESWTLGFAIKFLVGLVPEPPPTDPDSILRPFKEFLYSYIGVPKGDEPILKPSLFAYIVFLITMFINVSILIRGISKGIERFAKIAMPTLFILAVFLVIRVFLLETPNGTAADGLNFLWTPDFEKLKDPGVWIAAVGQIFFTLSLGFGAIITYASYVRKDQDIVLSGLTAATLNEKAEVILGGSISIPAAVAFFGVANAVAIAKAGAFNLGFITLPAIFSQTAGGTFLGFLWFFLLFFAGLTSSIAIMQPMIAFLEDELKLSRKHAVLWTAAIVFFSAHLVMFLNKSLDEMDFWAGTIGVVFFGLTELIIFFWIFGADKAWEEINRGGIIKVPRIYYYVMRYITPAFLAVLLVVWAREYIPKIMEETHWTVWITRFYIIGLFLFLTFLVFLAERRRNHESAGT,[NH3+][C@@H](Cc1ccc(F)cc1)C(=O)[O-],6.02
3f3e,REHWATRLGLILAMAGNAVGLGNFLRFPVQAAENGGGAFMIPYIIAFLLVGIPLMWIEWAMGRYGGAQGHGTTPAIFYLLWRNRFAKILGVFGLWIPLVVAIYYVYIESWTLGFAIKFLVGLVPEPPPTDPDSILRPFKEFLYSYIGVPKGDEPILKPSLFAYIVFLITMFINVSILIRGISKGIERFAKIAMPTLFILAVFLVIRVFLLETPNGTAADGLNFLWTPDFEKLKDPGVWIAAVGQIFFTLSLGFGAIITYASYVRKDQDIVLSGLTAATLNEKAEVILGGSISIPAAVAFFGVANAVAIAKAGAFNLGFITLPAIFSQTAGGTFLGFLWFFLLFFAGLTSSIAIMQPMIAFLEDELKLSRKHAVLWTAAIVFFSAHLVMFLNKSLDEMDFWAGTIGVVFFGLTELIIFFWIFGADKAWEEINRGGIIKVPRIYYYVMRYITPAFLAVLLVVWAREYIPKIMEETHWTVWITRFYIIGLFLFLTFLVFLAERRRNHESAGT,CC(C)C[C@H]([NH3+])C(=O)[O-],7.7
4gqq,YSPNTQQGRTSIVHLFEWRWVDIALECERYLAPKGFGGVQVSPPNENVAIYNPFRPWWERYQPVSYKLCTRSGNEDEFRNMVTRCNNVGVRIYVDAVINHMCGNAVSAGTSSTCGSYFNPGSRDFPAVPYSGWDFNDGKCKTGSGDIENYNDATQVRDCRLTGLLDLALEKDYVRSKIAEYMNHLIDIGVAGFRLDASKHMWPGDIKAILDKLHNLNSNWFPAGSKPFIYQEVIDLGGEPIKSSDYFGNGRVTEFKYGAKLGTVIRKWNGEKMSYLKNWGEGWGFVPSDRALVFVDNHDNQRGHGAGGASILTFWDARLYKMAVGFMLAHPYGFTRVMSSYRWPRQFQNGNDVNDWVGPPNNNGVIKEVTINPDTTCGNDWVCEHRWRQIRNMVIFRNVVDGQPFTNWYDNGSNQVAFGRGNRGFIVFNNDDWSFSLTLQTGLPAGTYCDVISGDKINGNCTGIKIYVSDDGKAHFSISNSAEDPFIAIHAESKL,CCOC(=O)/C=C/c1ccc(O)c(O)c1,2.89
1u33,YSPNTQQGRTSIVHLFEWRWVDIALECERYLAPKGFGGVQVSPPNENVAIYNPFRPWWERYQPVSYKLCTRSGNEDEFRNMVTRCNNVGVRIYVDAVINHMCGNAVSAGTSSTCGSYFNPGSRDFPAVPYSGWDFNDGKCKTGSGDIENYNDATQVRDCRLTGLLDLALEKDYVRSKIAEYMNHLIDIGVAGFRLDASKHMWPGDIKAILDKLHNLNSNWFPAGSKPFIYQEVIDLGGEPIKSSDYFGNGRVTEFKYGAKLGTVIRKWNGEKMSYLKNWGEGWGFVPSDRALVFVDNHDNQRGHGAGGASILTFWDARLYKMAVGFMLAHPYGFTRVMSSYRWPRQFQNGNDVNDWVGPPNNNGVIKEVTINPDTTCGNDWVCEHRWRQIRNMVIFRNVVDGQPFTNWYDNGSNQVAFGRGNRGFIVFNNDDWSFSLTLQTGLPAGTYCDVISGDKINGNCTGIKIYVSDDGKAHFSISNSAEDPFIAIHAESKL,CO[C@H]1[C@H](O)[C@@H](O)[C@@H](O[C@H]2[C@H](O)[C@@H](O)[C@@H](O[C@H]3[C@H](O)[C@@H](O)/C(=N/O)N[C@@H]3CO)O[C@@H]2CO)O[C@@H]1CO,4.6
1xd0,YSPNTQQGRTSIVHLFEWRWVDIALECERYLAPKGFGGVQVSPPNENVAIYNPFRPWWERYQPVSYKLCTRSGNEDEFRNMVTRCNNVGVRIYVDAVINHMCGNAVSAGTSSTCGSYFNPGSRDFPAVPYSGWDFNDGKCKTGSGDIENYNDATQVRDCRLTGLLDLALEKDYVRSKIAEYMNHLIDIGVAGFRLDASKHMWPGDIKAILDKLHNLNSNWFPAGSKPFIYQEVIDLGGEPIKSSDYFGNGRVTEFKYGAKLGTVIRKWNGEKMSYLKNWGEGWGFVPSDRALVFVDNHDNQRGHGAGGASILTFWDARLYKMAVGFMLAHPYGFTRVMSSYRWPRQFQNGNDVNDWVGPPNNNGVIKEVTINPDTTCGNDWVCEHRWRQIRNMVIFRNVVDGQPFTNWYDNGSNQVAFGRGNRGFIVFNNDDWSFSLTLQTGLPAGTYCDVISGDKINGNCTGIKIYVSDDGKAHFSISNSAEDPFIAIHAESKL,C[C@H]1O[C@H](O[C@H]2[C@H](O)[C@@H](O)[C@@H](O)O[C@@H]2CO)[C@H](O)[C@@H](O)[C@@H]1[NH2+][C@H]1C=C(CO)[C@@H](O[C@H]2O[C@H](CO)[C@@H](O[C@H]3O[C@H](CO)[C@@H](O)[C@H](O)[C@H]3O)[C@H](O)[C@H]2O)[C@H](O)[C@H]1O,7.12
2wbg,VKKFPEGFLWGVATASYQIEGSPLADGAGMSIWHTFSHTPGNVKNGDTGDVACDHYNRWKEDIEIIEKLGVKAYRFSISWPRILPEGTGRVNQKGLDFYNRIIDTLLEKGITPFVTIYHWDLPFALQLKGGWANREIADWFAEYSRVLFENFGDRVKNWITLNEPWVVAIVGHLYGVHAPGMRDIYVAFRAVHNLLRAHARAVKVFRETVKDGKIGIVFNNGYFEPASEKEEDIRAVRFMHQFNNYPLFLNPIYRGDYPELVLEFAREYLPENYKDDMSEIQEKIDFVGLNYYSGHLVKFDPDAPAKVSFVERDLPKTAMGWEIVPEGIYWILKKVKEEYNPPEVYITENGAAFDDVVSEDGRVHDQNRIDYLKAHIGQAWKAIQEGVPLKGYFVWSLLDNFEWAEGYSKRFGIVYVDYSTQKRIVKDSGYWYSNVVKNNGLE,CCCCCCCC/N=C1\OC[C@@H]2[C@@H](O)[C@H](O)[C@@H](O)[C@H](O)N12,4.45
2j78,VKKFPEGFLWGVATASYQIEGSPLADGAGMSIWHTFSHTPGNVKNGDTGDVACDHYNRWKEDIEIIEKLGVKAYRFSISWPRILPEGTGRVNQKGLDFYNRIIDTLLEKGITPFVTIYHWDLPFALQLKGGWANREIADWFAEYSRVLFENFGDRVKNWITLNEPWVVAIVGHLYGVHAPGMRDIYVAFRAVHNLLRAHARAVKVFRETVKDGKIGIVFNNGYFEPASEKEEDIRAVRFMHQFNNYPLFLNPIYRGDYPELVLEFAREYLPENYKDDMSEIQEKIDFVGLNYYSGHLVKFDPDAAKVSFVERDLPKTAMGWEIVPEGIYWILKKVKEEYNPPEVYITENGAAFDDVVSEDGRVHDQNRIDYLKAHIGQAWKAIQEGVPLKGYFVWSLLDNFEWAEGYSKRFGIVYVDYSTQKRIVKDSGYWYSNVVKNNGLED,OC[C@H]1N/C(=N\O)[C@H](O)[C@@H](O)[C@@H]1O,6.42
2cet,VKKFPEGFLWGVATASYQIEGSPLADGAGMSIWHTFSHTPGNVKNGDTGDVACDHYNRWKEDIEIIEKLGVKAYRFSISWPRILPEGTGRVNQKGLDFYNRIIDTLLEKGITPFVTIYHWDLPFALQLKGGWANREIADWFAEYSRVLFENFGDRVKNWITLNEPWVVAIVGHLYGVHAPGMRDIYVAFRAVHNLLRAHARAVKVFRETVKDGKIGIVFNNGYFEPASERAVRFMHQFNNYPLFLNPIYRGDYPELVLEFAREYLPENYKDDMSEIQEKIDFVGLNYYSGHLVKFDPAKVSFVERDLPKTAMGWEIVPEGIYWILKKVKEEYNPPEVYITENGAAFDDVVSEDGRVHDQNRIDYLKAHIGQAWKAIQEGVPLKGYFVWSLLDNFEWAEGYSKRFGIVYVDYSTQKRIVKDSGYWYSNVVKNNGLE,OC[C@@H]1[C@@H](O)[C@H](O)[C@@H](O)c2nc(CCc3ccccc3)cn21,8.02
2zxd,RYKPDWESLREHTVPKWFDKAKFGIFIHWGIYSVPGWATPTGELGKVPMDAWFFQNPYAEWYENSLRIKESPTWEYHVKTYGENFEYEKFADLFTAEKWDPQEWADLFKKAGAKYVIPTTKHHDGFCLWGTKYTDFNSVKRGPKRDLVGDLAKAVREAGLRFGVYYSGGLDWRFTTEPIRYPEDLSYIRPNTYEYADYAYKQVMELVDLYLPDVLWNDMGWPEKGKEDLKYLFAYYYNKHPEGSVNDRWGVPHWDFKTAEYHVNYPGDLPGYKWEFTRGIGLSFGYNRNEGPEHMLSVEQLVYTLVDVVSKGGNLLLNVGPKGDGTIPDLQKERLLGLGEWLRKYGDAIYGTSVWERCCAKTEDGTEIRFTRKCNRIFVIFLGIPTGEKIVIEDLNLSAGTVRHFLTGERLSFKNVGKNLEITVPKKLLETDSITLVLEAV,CC(C)[C@@H]1[NH2+]C[C@@H](O)[C@H](O)[C@@H]1O,5.22
2zwz,RYKPDWESLREHTVPKWFDKAKFGIFIHWGIYSVPGWATPTGELGKVPMDAWFFQNPYAEWYENSLRIKESPTWEYHVKTYGENFEYEKFADLFTAEKWDPQEWADLFKKAGAKYVIPTTKHHDGFCLWGTKYTDFNSVKRGPKRDLVGDLAKAVREAGLRFGVYYSGGLDWRFTTEPIRYPEDLSYIRPNTYEYADYAYKQVMELVDLYLPDVLWNDMGWPEKGKEDLKYLFAYYYNKHPEGSVNDRWGVPHWDFKTAEYHVNYPGDLPGYKWEFTRGIGLSFGYNRNEGPEHMLSVEQLVYTLVDVVSKGGNLLLNVGPKGDGTIPDLQKERLLGLGEWLRKYGDAIYGTSVWERCCAKTEDGTEIRFTRKCNRIFVIFLGIPTGEKIVIEDLNLSAGTVRHFLTGERLSFKNVGKNLEITVPKKLLETDSITLVLEAV,C[C@@H]1[NH2+][C@H](C[NH3+])[C@@H](O)[C@H](O)[C@@H]1O,7.79
2zx6,RYKPDWESLREHTVPKWFDKAKFGIFIHWGIYSVPGWATPTGELGKVPMDAWFFQNPYAEWYENSLRIKESPTWEYHVKTYGENFEYEKFADLFTAEKWDPQEWADLFKKAGAKYVIPTTKHHDGFCLWGTKYTDFNSVKRGPKRDLVGDLAKAVREAGLRFGVYYSGGLDWRFTTEPIRYPEDLSYIRPNTYEYADYAYKQVMELVDLYLPDVLWNDMGWPEKGKEDLKYLFAYYYNKHPEGSVNDRWGVPHWDFKTAEYHVNYPGDLPGYKWEFTRGIGLSFGYNRNEGPEHMLSVEQLVYTLVDVVSKGGNLLLNVGPKGDGTIPDLQKERLLGLGEWLRKYGDAIYGTSVWERCCAKTEDGTEIRFTRKCNRIFVIFLGIPTGEKIVIEDLNLSAGTVRHFLTGERLSFKNVGKNLEITVPKKLLETDSITLVLEAVE,C[C@@H]1[NH2+][C@H](CNC(=O)Cc2c[nH]c3ccccc23)[C@@H](O)[C@H](O)[C@@H]1O,10.6
3udh,FVEMVDNLRGKSGQGYYVEMTVGSPPQTLNILVDTGSSNFAVGAAPHPFLHRYYQRQLSSTYRDLRKGVYVPYTQGKWEGELGTDLVSIPHGPNVTVRANIAAITESDKFFINGSNWEGILGLAYAEIARPDDSLEPFFDSLVKQTHVPNLFSLQLCGASEVLASVGGSMIIGGIDHSLYTGSLWYTPIRREWYYEVIIVRVEINGQDLKMDCKEYNYDKSIVDSGTTNLRLPKKVFEAAVKSIKAASSTEKFPDGFWLGEQLVCWQAGTTPWNIFPVISLYLMGEVTNQSFRITILPQQYLRPVEDVATSQDDCYKFAISQSSTGTVMGAVIMEGFYVVFDRARKRIGFAVSACHVHDEFRTAAVEGPFVTLDMEDCGYNIPQTDESRSHHHH,O=C1Nc2ccccc2[C@]12CC[NH2+]C2,2.85
4djv,GSFVEMVDNLRGKSGQGYYVEMTVGSPPQTLNILVDTGSSNFAVGAAPHPFLHRYYQRQLSSTYRDLRKGVYVPYTQGKWEGELGTDLVSIPHGPNVTVRANIAAITESDKFFINGSNWEGILGLAYAEIARPDDSLEPFFDSLVKQTHVPNLFSLQLCGAGFPLNQSEVLASVGGSMIIGGIDHSLYTGSLWYTPIRREWYYEVIIVRVEINGQDLKMDCKEYNYDKSIVDSGTTNLRLPKKVFEAAVKSIKAASSTEKFPDGFWLGEQLVCWQAGTTPWNIFPVISLYLMGEVTNQSFRITILPQQYLRPVEDVATSQDDCYKFAISQSSTGTVMGAVIMEGFYVVFDRARKRIGFAVSACHVHDEFRTAAVEGPFVTLDMEDCGYNI,COc1cccc(-c2cccc([C@@]3(c4ccccc4)NC(=[NH2+])N(C)C3=O)c2)c1,6.72
4gid,FVEMVDNLRGKSGQGYYVEMTVGSPPQTLNILVDTGSSNFAVGAAPHPFLHRYYQRQLSSTYRDLRKGVYVPYTQGKWEGELGTDLVSIPHGPNVTVRANIAAITESDKFFINGSNWEGILGLAYAEIARPDDSLEPFFDSLVKQTHVPNLFSLQLCGAGFPLNQSEVLASVGGSMIIGGIDHSLYTGSLWYTPIRREWYYEVIIVRVEINGQDLKMDCKEYNYDKSIVDSGTTNLRLPKKVFEAAVKSIKAASSTEKFPDGFWLGEQLVCWQAGTTPWNIFPVISLYLMGEVTNQSFRITILPQQYLRPVEDVATSQDDCYKFAISQSSTGTVMGAVIMEGFYVVFDRARKRIGFAVSACHVHDEFRTAAVEGPFVTLDMEDCGYN,CC(C)CNC(=O)[C@@H]([NH2+]C[C@H](Cc1ccccc1)NC(=O)c1cc(C(=O)N[C@H](C)c2ccccc2)cc(N(C)S(C)(=O)=O)c1)[C@@H](C)O,10.77
3fk1,MESLTLQPIARVDGTINLPGSKSVSNRALLLAALAHGKTVLTNLLDSDDVRHMLNALTALGVSYTLSADRTRCEIIGNGGPLHAEGALELFLGNAGIAMRSLAAALCLGSNDIVLTGEPRMKERPIGHLVDALRLGGAKITYLEQENYPPLRLQGGFTGGNVDVDGSVSSQFLTALLMTAPLAPEDTVIRIKGDLVSKPYIDITLNLMKTFGVEIENQHYQQFVVKGGQSYQSPGTYLVEGDASSASYFLAAAAIKGGTVKVTGIGRNSMQGDIRFADVLEKMGATICWGDDYISCTRGELNAIDMDMNHIPDAAMTIATAALFAKGTTTLRNIYNWRVKETDRLFAMATELRKVGAEVEEGHDYIRITPPEKLNFAEIATYNDHRMAMCFSLVALSDTPVTILDPKCTAKTFPDYFEQLARISQAA,O=C([O-])C[NH2+]CP(=O)([O-])[O-],2.62
2qft,MESLTLQPIARVDGTINLPGSKSVSNRALLLAALAHGKTVLTNLLDSDDVRHMLNALTALGVSYTLSADRTRCEIIGNGGPLHAEGALELFLGNAGTAMRSLAAALCLGSNDIVLTGEPRMKERPIGHLVDALRLGGAKITYLEQENYPPLRLQGGFTGGNVDVDGSVSSQFLTALLMTAPLAPEDTVIRIKGDLVSKPYIDITLNLMKTFGVEIENQHYQQFVVKGGQSYQSPGTYLVEGDASSASYFLAAAAIKGGTVKVTGIGRNSMQGDIRFADVLEKMGATICWGDDYISCTRGELNAIDMDMNHIPDAAMTIATAALFAKGTTTLRNIYNWRVKETDRLFAMATELRKVGAEVEEGHDYIRITPPEKLNFAEIATYNDHRMAMCFSLVALSDTPVTILDPKCTAKTFPDYFEQLARISQAA,O=C([O-])C[NH2+]CP(=O)([O-])[O-],5.26
2pq9,MESLTLQPIARVDGTINLPGSKSVSNRALLLAALAHGKTVLTNLLDSDDVRHMLNALTALGVSYTLSADRTRCEIIGNGGPLHAEGALELFLGNAGTAMRPLAAALCLGSNDIVLTGEPRMKERPIGHLVDALRLGGAKITYLEQENYPPLRLQGGFTGGNVDVDGSVSSQFLTALLMTAPLAPEDTVIRIKGDLVSKPYIDITLNLMKTFGVEIENQHYQQFVVKGGQSYQSPGTYLVEGDASSASYFLAAAAIKGGTVKVTGIGRNSMQGDIRFADVLEKMGATICWGDDYISCTRGELNAIDMDMNHIPDAAMTIATAALFAKGTTTLRNIYNWRVKETDRLFAMATELRKVGAEVEEGHDYIRITPPEKLNFAEIATYNDHRMAMCFSLVALSDTPVTILDPKCTAKTFPDYFEQLARISQAA,O=C([O-])C1=C[C@@H](OP(=O)([O-])[O-])[C@@H](O)[C@H](O[C@@](OP(=O)([O-])[O-])(C(=O)[O-])C(F)F)C1,8.11
1f8d,RDFNNLTKGLCTINSWHIYGKDNAVRIGEDSDVLVTREPYVSCDPDECRFYALSQGTTIRGKHSNGTIHDRSQYRALISWPLSSPPTVYNSRVECIGWSSTSCHDGKTRMSICISGPNNNASAVIWYNRRPVTEINTWARNILRTQESECVCHNGVCPVVFTDGSATGPAETRIYYFKEGKILKWEPLAGTAKHIEECSCYGERAEITCTCRDNWQGSNRPVIRIDPVAMTHTSQYICSPVLTDNPRPNDPTVGKCNDPYPGNNNNGVKGFSYLDGVNTWLGRTISIASRSGYEMLKVPNALTDDKSKPTQGQTIVLNTDWSGYSGSFMDYWAEGECYRACFYVELIRGRPKEDKVWWTSNSIVSMCSSTEFLGQWDWPDGAKIEYFL,CC(=O)N[C@H]1[C@H]([C@H](O)[C@H](O)C[NH3+])OC(C(=O)[O-])=C[C@@H]1O,3.4
1f8b,RDFNNLTKGLCTINSWHIYGKDNAVRIGEDSDVLVTREPYVSCDPDECRFYALSQGTTIRGKHSNGTIHDRSQYRALISWPLSSPPTVYNSRVECIGWSSTSCHDGKTRMSICISGPNNNASAVIWYNRRPVTEINTWARNILRTQESECVCHNGVCPVVFTDGSATGPAETRIYYFKEGKILKWEPLAGTAKHIEECSCYGERAEITCTCRDNWQGSNRPVIRIDPVAMTHTSQYICSPVLTDNPRPNDPTVGKCNDPYPGNNNNGVKGFSYLDGVNTWLGRTISIASRSGYEMLKVPNALTDDKSKPTQGQTIVLNTDWSGYSGSFMDYWAEGECYRACFYVELIRGRPKEDKVWWTSNSIVSMCSSTEFLGQWDWPDGAKIEYFL,CC(=O)N[C@H]1[C@H]([C@H](O)[C@H](O)CO)OC(C(=O)[O-])=C[C@@H]1O,5.4
1f8c,RDFNNLTKGLCTINSWHIYGKDNAVRIGEDSDVLVTREPYVSCDPDECRFYALSQGTTIRGKHSNGTIHDRSQYRALISWPLSSPPTVYNSRVECIGWSSTSCHDGKTRMSICISGPNNNASAVIWYNRRPVTEINTWARNILRTQESECVCHNGVCPVVFTDGSATGPAETRIYYFKEGKILKWEPLAGTAKHIEECSCYGERAEITCTCRDNWQGSNRPVIRIDPVAMTHTSQYICSPVLTDNPRPNDPTVGKCNDPYPGNNNNGVKGFSYLDGVNTWLGRTISIASRSGYEMLKVPNALTDDKSKPTQGQTIVLNTDWSGYSGSFMDYWAEGECYRACFYVELIRGRPKEDKVWWTSNSIVSMCSSTEFLGQWDWPDGAKIEYFL,CC(=O)N[C@H]1[C@H]([C@H](O)[C@H](O)CO)OC(C(=O)[O-])=C[C@@H]1[NH3+],7.4
1n2v,RPRFSFSIAAREGKARTGTIEMKRGVIRTPAFMPVGTAATVKALKPETVRATGADIILGNTYHLMLRPGAERIAKLGGLHSFMGWDRPILTDSGGYQVMSLSSLTKQSEEGVTFKSHLDGSRHMLSPERSIEIQHLLGSDIVMAFDECTPYPATPSRAASSMERSMRWAKRSRDAFDSRKEQAENAALFGIQQGSVFENLRQQSADALAEIGFDGYAVGGLAVGEGQDEMFRVLDFSVPMLPDDKPHYLMGVGKPDDIVGAVERGIDMFDCVLPTRSGRNGQAFTWDGPINIRNARFSEDLKPLDSECHCAVCQKWSRAYIHHLIRAGEILGAMLMTEHNIAFYQQLMQKIRDSISEGRFSQFAQDFRARYF,CCCCc1nc2c(=O)[nH][nH]c(=O)c2[nH]1,4.08
1r5y,RPRFSFSIAAREGKARTGTIEMKRGVIRTPAFMPVGTAATVKALKPETVRATGADIILGNTYHLMLRPGAERIAKLGGLHSFMGWDRPILTDSGGYQVMLSLTKQSEEGVTFMLSPERSIEIQHLLGSDIVMAFDECTPYPATPSRAASSMERSMRWAKRSRDAFDSRKEQAENAALFGIQQGSVFENLRQQSADALAEIGFDGYAVGGLAVGEGQDEMFRVLDFSVPMLPDDKPHYLMGVGKPDDIVGAVERGIDMFDCVLPTRSGRNGQAFTWDGPINIRNARFSEDLKPLDSECHCAVCQKWSRAYIHHLIRAGEILGAMLMTEHNIAFYQQLMQKIRDSISEGRFSQFAQDFRARYF,Nc1ccc2nc(N)[nH]c(=O)c2c1,6.46
3ge7,RPRFSFSIAAREGKARTGTIEMKRGVIRTPAFMPVGTAATVKALKPETVRATGADIILGNTYHLMLRPGAERIAKLGGLHSFMGWDRPILTDSGGYQVMTKQSEEGVTFMLSPERSIEIQHLLGSDIVMAFDECTPYPATPSRAASSMERSMRWAKRSRDAFDSRKEQAENAALFGIQQGSVFENLRQQSADALAEIGFDGYAVGGLAVGEGQDEMFRVLDFSVPMLPDDKPHYLMGVGKPDDIVGAVERGIDMFDCVLPTRSGRNGQAFTWDGPINIRNARFSEDLKPLDSECHCAVCQKWSRAYIHHLIRAGEILGAMLMTEHNIAFYQQLMQKIRDSISEGRFSQFAQDFRARYFA,CNc1nc2c(CC[NH2+]CC3CCCC3)c3[nH]c(=[NH2+])[nH]c(=O)c3cc2[nH]1,8.7
3huc,ERPTFYRQELNKTIWEVPERYQNLSPVGSGAYGSVCAAFDTKTGLRVAVKKLSRPFQSIIHAKRTYRELRLLKHMKHENVIGLLDVFTPARSLEEFNDVYLVTHLMGADLNNIVKCQKLTDDHVQFLIYQILRGLKYIHSADIIHRDLKPSNLAVNEDCELKILDFGVATRWYRAPEIMLNWMHYNQTVDIWSVGCIMAELLTGRTLFPGTDHIDQLKLILRLVGTPGAELLKKISSESARNYIQSLTQMPKMNFANVFIGANPLAVDLLEKMLVLDSDKRITAAQALAHAYFAQYHDPDDEPVADPYDQSFESRDLLIDEWKSLTYDEVISFVPPP,C=CC(=O)Nc1ccc2c(Nc3ccn[nH]3)nc(-c3ccccc3)nc2c1,5.99
3gcs,RPTFYRQELNKTIWEVPERYQNLSPVGYGSVCAAFDTKTGLRVAVKKLSRPFQSIIHAKRTYRELRLLKHMKHENVIGLLDVFTPARSLEEFNDVYLVTHLMGADLNNIVKSQKLTDDHVQFLIYQILRGLKYIHSADIIHRDLKPSNLAVNEDSELKILDFGTRWYRAPEIMLNWMHYNQTVDIWSVGCIMAELLTGRTLFPGTDHIDQLKLILRLVGTPGAELLKKISSESARNYIQSLTQMPKMNFANVFIGANPLAVDLLEKMLVLDSDKRITAAQALAHAYFAQYHDPDDEPVADPYDQSLESRDLLIDEWKSLTYDEVISFVPPP,CNC(=O)c1cc(Oc2ccc(NC(=O)Nc3ccc(Cl)c(C(F)(F)F)c3)cc2)ccn1,7.25
3e93,ERPTFYRQELNKTIWEVPERYQNLSPVGSGAYGSVCAAFDTKTGLRVAVKKLSRPFQSIIHAKRTYRELRLLKHMKHENVIGLLDVFTPARSLEEFNDVYLVTHLMGADLNNIVKCQKLTDDHVQFLIYQILRGLKYIHSADIIHRDLKPSNLAVNEDELKILDFGLTDDEMTGYVATRWYRAPEIMLNWMHYNQTVDIWSVGCIMAELLTGRTLFPGTDHIDQLKLILRLVGTPGAELLKKISSESARNYIQSLTQMPKMNFANVFIGANPLAVDLLEKMLVLDSDKRITAAQALAHAYFAQYHDPDDEPVADPYDQSFESRDLLIDEWKSLTYDEVISFVPPPL,Cc1ccc(C(=O)Nc2cccc(N3CCOCC3)c2)cc1-c1ccc2c(C3CC[NH2+]CC3)noc2c1,8.85
1q8t,EQESVKEFLAKAKEDFLKKWENPAQNTAHLDQFERIKTLGTGSFGRVMLVKHMETGNHYAMKILDKQKVVKLKQIEHTLNEKRILQAVNFPFLVKLEFSFKDNSNLYMVMEYVPGGEMFSHLRRIGRFSEPHARFYAAQIVLTFEYLHSLDLIYRDLKPENLLIDQQGYIQVTDFGFAKRVKGRTWLCGTPEYLAPEIILSKGYNKAVDWWALGVLIYEMAAGYPPFFADQPIQIYEKIVSGKVRFPSHFSSDLKDLLRNLLQVDLTKRFGNLKNGVNDIKNHKWFATTDWIAIYQRKVEAPFIPKFKGPGDTSNFDDYEEEEIRVINEKCGKEFSEF,C[C@@H]([NH3+])[C@H]1CC[C@H](C(=O)Nc2ccncc2)CC1,4.76
1q8u,KKGEQESVKEFLAKAKEDFLKKWENPAQNTAHLDQFERIKTLGTGSFGRVMLVKHMETGNHYAMKILDKQKVVKLKQIEHTLNEKRILQAVNFPFLVKLEFSFKDNSNLYMVMEYVPGGEMFSHLRRIGRFSEPHARFYAAQIVLTFEYLHSLDLIYRDLKPENLLIDQQGYIQVTDFGFAKRVKGRTWLCGTPEYLAPEIILSKGYNKAVDWWALGVLIYEMAAGYPPFFADQPIQIYEKIVSGKVRFPSHFSSDLKDLLRNLLQVDLTKRFGNLKNGVNDIKNHKWFATTDWIAIYQRKVEAPFIPKFKGPGDTSNFDDYEEEEIRVINEKCGKEFSEF,Cc1cncc2cccc(S(=O)(=O)N3CCC[NH2+]C[C@@H]3C)c12,5.96
3ag9,VKEFLAKAKEDFLKKWENPAQNTAHLDQFERIKTLGTGSFGRVMLVKHMETGNHYAMKILDKQKVVKLKQIEHTLNEKRILQAVNFPFLVKLEFSFKDNSNLYMVMEYVPGGEMFSHLRRIGRFSEPHARFYAAQIVLTFEYLHSLDLIYRDLKPENLLIDQQGYIQVTDFGFAKRVKGRTWLCGTPEYLAPEIILSKGYNKAVDWWALGVLIYEMAAGYPPFFADQPIQIYEKIVSGKVRFPSHFSSDLKDLLRNLLQVDLTKRFGNLKNGVNDIKNHKWFATTDWIAIYQRKVEAPFIPKIRVINEKCGKEFSEF,NC(=[NH2+])NCCC[C@@H](NC(=O)[C@@H](CCCNC(N)=[NH2+])NC(=O)CCCCCNC(=O)[C@@H](CCCC[NH3+])NC(=O)CCCCCNC(=O)[C@H]1O[C@@H](n2cnc3c(N)ncnc32)[C@H](O)[C@@H]1O)C(N)=O,8.05
3owj,GPVPSRARVYTDVNTHRPREYWDYESHVVEWGNQDDYQLVRKLGRGKYSEVFEAINITNNEKVVVKILKPVKKKKIKREIKILENLRGGPNIITLADIVKDPVSRTPALVFEHVNNTDFKQLYQTLTDYDIRFYMYEILKALDYCHSMGIMHRDVKPHNVMIDHEHRKLRLIDWGLAEFYHPGQEYNVRVASRYFKGPELLVDYQMYDYSLDMWSLGCMLASMIFRKEPFFHGHDNYDQLVRIAKVLGTEDLYDYIDKYNIELDPRFNDILGRHSRKRWERFVHSENQHLVSPEALDFLDKLLRYDHQSRLTAREAMEHPYFYTVVKD,Cc1c2cc[nH]c(=O)c2c(C)c2c1[nH]c1ccc(O)cc12,6.07
2zjw,MSGPVPSRARVYTDVNTHRPREYWDYESHVVEWGNQDDYQLVRKLGRGKYSEVFEAINITNNEKVVVKILKPVKKKKIKREIKILENLRGGPNIITLADIVKDPVSRTPALVFEHVNNTDFKQLYQTLTDYDIRFYMYEILKALDYCHSMGIMHRDVKPHNVMIDHEHRKLRLIDWGLAEFYHPGQEYNVRVASRYFKGPELLVDYQMYDYSLDMWSLGCMLASMIFRKEPFFHGHDNYDQLVRIAKVLGTEDLYDYIDKYNIELDPRFNDILGRHSRKRWERFVHSENQHLVSPEALDFLDKLLRYDHQSRLTAREAMEHPYFYTVVKDQA,O=c1oc2c(O)c(O)cc3c(=O)oc4c(O)c(O)cc1c4c23,7.7
3pe2,GPVPSRARVYTDVNTHRPREYWDYESHVVEWGNQDDYQLVRKLGRGKYSEVFEAINITNNEKVVVKILKPVKKKKIKREIKILENLRGGPNIITLADIVKDPVSRTPALVFEHVNNTDFKQLYQTLTDYDIRFYMYEILKALDYCHSMGIMHRDVKPHNVMIDHEHRKLRLIDWGLAEFYHPGQEYNVRVASRYFKGPELLVDYQMYDYSLDMWSLGCMLASMIFRKEPFFHGHDNYDQLVRIAKVLGTEDLYDYIDKYNIELDPRFNDILGRHSRKRWERFVHSENQHLVSPEALDFLDKLLRYDHQSRLTAREAMEHPYFYTVVK,C#Cc1cccc(Nc2nc3cc(C(=O)[O-])ccc3c3cncnc23)c1,9.76
2v00,STGSATTTPIDSLDDAYITPVQIGTPAQTLNLDFDTGSSDLWVFSSETTASEVDGQTIYTPSKSTTAKLLSGATWSISYGDGSSSSGDVYTDTVSVGGLTVTGQAVESAKKVSSSFTEDSTIDGLLGLAFSTLNTVSPTQQKTFFDNAKASLDSPVFTADLGYHAPGTYNFGFIDTTAYTGSITYTAVSTKQGFWEWTSTGYAVGSGTFKSTSIDGIADTGTTLLYLPATVVSAYWAQVSGAKSSSSVGGYVFPCSATLPSFTFGVGSARIVIPGDYIDFGPISTGSSSCFGGIQSSAGIGINIFGDVALKAAFVVFNGATTPTLGFASK,Nc1nc(CCc2ccccc2)cc(=O)[nH]1,3.66
3pww,STGSATTTPIDSLDDAYITPVQIGTPAQTLNLDFDTGSSDLWVFSSETTASEVDGQTIYTPSKSTTAKLLSGATWSISYGDGSSSSGDVYTDTVSVGGLTVTGQAVESAKKVSSSFTEDSTIDGLLGLAFSTLNTVSPTQQKTFFDNAKASLDSPVFTADLGYHAPGTYNFGFIDTTAYTGSITYTAVSTKQGFWEWTSTGYAVGSGTFKSTSIDGIADTGTTLLYLPATVVSAYWAQVSGAKSSSSVGGYVFPCSATLPSFTFGVGSARIVIPGDYIDFGPISTGSSSCFGGIQSSAGIGINIFGDVALKAAFVVFNGATTPTLGFASK,CC(C)(C)NC(=O)[C@@H]1C[C@@H]2CCCC[C@@H]2C[N+]1C[C@@H](O)[C@H](Cc1ccccc1)NC(=O)[C@H](CC(N)=O)NC(=O)c1ccc2ccccc2n1,7.32
3uri,STGSATTTPIDSLDDAYITPVQIGTPAQTLNLDFDTGSSDLWVFSSETTASEVQTIYTPSKSTTAKLLSGATWSISYGDGSSSSGDVYTDTVSVGGLTVTGQAVESAKKVSSSFTEDSTIDGLLGLAFSTLNTVSPTQQKTFFDNAKASLDSPVFTADLGYHAPGTYNFGFIDTTAYTGSITYTAVSTKQGFWEWTSTGYAVGSGTFKSTSIDGIADTGTTLLYLPATVVSAYWAQVSGAKSSSSVGGYVFPCSATLPSFTFGVGSARIVIPGDYIDFGPISTGSSSCFGGIQSSAGIGINIFGDVALKAAFVVFNGATTPTLGFASK,CSCC[C@H]([NH2+]C[C@H](Cc1ccccc1)NC(=O)[C@H](CO)NC(=O)[C@H](CC(C)C)NC(=O)[C@H](Cc1cnc[nH]1)NC(=O)[C@@H]1CCC[NH2+]1)C(=O)N[C@@H](C)C(=O)N[C@@H](Cc1cnc[nH]1)C(=O)[O-],9.0
3mfv,RTIGIIGAPFSKGQPRGGVEEGPTVLRKAGLLEKLKEQECDVKDYGDLPFADIPNDSPFQIVKNPRSVGKASEQLAGKVAEVKKNGRISLVLGGDHSLAIGSISGHARVHPDLGVIWVDAHTDINTPLTTTSGNLHGQPVSFLLKELKGKIPDVPGFSWVTPCISAKDIVYIGLRDVDPGEHYILKTLGIKYFSMTEVDRLGIGKVMEETLSYLLGRKKRPIHLSFDVDGLDPSFTPATGTPVVGGLTYREGLYITEEIYKTGLLSGLDIMEVNPSLGKTPEEVTRTVNTAVAITLACFGLAREGNHKPIDYL,Nc1ncc(CC[C@H]([NH3+])C(=O)[O-])[nH]1,2.52
3f80,RTIGIIGAPFSKGQPRGGVEEGPTVLRKAGLLEKLKEQECDVKDYGDLPFADIPNDSPFQIVKNPRSVGKASEQLAGKVAEVKKNGRISLVLGGDHSLAIGSISGHARVHPDLGVIWVDAHTDINTPLTTTSGNLHGQPVSFLLKELKGKIPDVPGFSWVTPCISAKDIVYIGLRDVDPGEHYILKTLGIKYFSMTEVDRLGIGKVMEETLSYLLGRKKRPIHLSFDVDGLDPSFTPATGTPVVGGLTYREGLYITEEIYKTGLLSGLDIMEVNPSLGKTPEEVTRTVNTAVAITLACFGLAREGNHKPIDYL,[NH3+][C@@H](CCCC[N+](=O)[O-])C(=O)[O-],4.22
3kv2,RTIGIIGAPFSKGQPRGGVEEGPTVLRKAGLLEKLKEQECDVKDYGDLPFADIPNDSPFQIVKNPRSVGKASEQLAGKVAEVKKNGRISLVLGGDHSLAIGSISGHARVHPDLGVIWVDAHTDINTPLTTTSGNLHGQPVSFLLKELKGKIPDVPGFSWVTPCISAKDIVYIGLRDVDPGEHYILKTLGIKYFSMTEVDRLGIGKVMEETLSYLLGRKKRPIHLSFDVDGLDPSFTPATGTPVVGGLTYREGLYITEEIYKTGLLSGLDIMEVNPSLGKTPEEVTRTVNTAVAITLACFGLAREGNHKPIDYL,N/C(=N\O)NCC[C@H]([NH3+])C(=O)[O-],7.32
2hb1,EMEKEFEQIDKSGSWAAIYQDIRHEASDFPCRVAKLPKNKNRNRYRDVSPFDHSRIKLHQEDNDYINASLIKMEEAQRSYILTQGPLPNTCGHFWEMVWEQKSRGVVMLNRVMEKGSLKCAQYWPQKEEKEMIFEDTNLKLTLISEDIKSYYTVRQLELENLTTQETREILHFHYTTWPDFGVPESPASFLNFLFKVRESGSLSPEHGPVVVHCSAGIGRSGTFCLADTCLLLMDKRKDPSSVDIKKVLLEMRKFRMGLIQTADQLRFSYLAVIEGAKFIMGDSSVQDQWKELSHED,O=C([O-])COc1c(Br)csc1C(=O)[O-],3.8
2qbr,EMEKEFEQIDKSGSWAAIYQDIRHEASDFPCRVAKLPKNKNRNRYRDVSPFDHSRIKLHQEDNDYINASLIKMEEAQRSYILTQGPLPNTCGHFWEMVWEQKSRGVVMLNRVMEKGSLKCAQYWPQKEEKEMIFEDTNLKLTLISEDIKSYYTVRQLELENLTTQETREILHFHYTTWPDFGVPESPASFLNFLFKVRESGSLSPEHGPVVVHCSAGIGRSGTFCLADTCLLLMDKRKDPSSVDIKKVLLEMRKFRMGLIQTADQLRFSYLAVIEGAKFIMGDSSVQDQWKELSHEDL,O=C([O-])COc1c(C(=O)[O-])sc(-c2cccc(NCc3ccccc3)c2)c1Br,6.33
2qbp,EMEKEFEQIDKSGSWAAIYQDIRHEASDFPCRVAKLPKNKNRNRYRDVSPFDHSRIKLHQEDNDYINASLIKMEEAQRSYILTQGPLPNTCGHFWEMVWEQKSRGVVMLNRVMEKGSLKCAQYWPQKEEKEMIFEDTNLKLTLISEDIKSYYTVRQLELENLTTQETREILHFHYTTWPDFGVPESPASFLNFLFKVRESGSLSPEHGPVVVHCSAGIGRSGTFCLADTCLLLMDKRKDPSSVDIKKVLLEMRKFRMGLIQTADQLRFSYLAVIEGAKFIMGDSSVQDQWKELSHED,O=C([O-])COc1c(C(=O)[O-])sc(-c2cccc(NC3CCN(S(=O)(=O)Cc4ccccc4)CC3)c2)c1Br,8.4
3fcq,ITGTSTVGVGRGVLGDQKNINTTYSTYYYLQDNTRGDGIFTYDAKYRTTLPGSLWADADNQFFASYDAPAVDAHYYAGVTYDYYKNVHNRLSYDGNNAAIRSSVHYSQGYNNAFWNGSEMVYGDGDGQTFIPLSGGIDVVAHELTHAVTDYTAGLIYQNESGAINEAISDIFGTLVEFYANKNPDWEIGEDVYTPGISGDSLRSMSDPAKYGDPDHYSKRYTGTQDNGGVHINSGIINKAAYLISQGGTHYGVSVVGIGRDKLGKIFYRALTQYLTPTSNFSQLRAAAVQSATDLYGSTSQEVASVKQAFDAVGVK,CC(=O)Oc1c(C)cccc1C(=O)[O-],2.77
1os0,ITGTSTVGVGRGVLGDQKNINTTYSTYYYLQDNTRGDGIFTYDAKYRTTLPGSLWADADNQFFASYDAPAVDAHYYAGVTYDYYKNVHNRLSYDGNNAAIRSSVHYSQGYNNAFWNGSEMVYGDGDGQTFIPLSGGIDVVAHELTHAVTDYTAGLIYQNESGAINEAISDIFGTLVEFYANKNPDWEIGEDVYTPGISGDSLRSMSDPAKYGDPDHYSKRYTGTQDNGGVHINSGIINKAAYLISQGGTHYGVSVVGIGRDKLGKIFYRALTQYLTPTSNFSQLRAAAVQSATDLYGSTSQEVASVKQAFDAVGVK,[NH3+][C@@H](Cc1ccccc1)[P@@](=O)([O-])C[C@@H](Cc1ccccc1)C(=O)N[C@@H](Cc1ccccc1)C(=O)[O-],6.03
4tmn,ITGTSTVGVGRGVLGDQKNINTTYSTYYYLQDNTRGDGIFTYDAKYRTTLPGSLWADADNQFFASYDAPAVDAHYYAGVTYDYYKNVHNRLSYDGNNAAIRSSVHYSQGYNNAFWNGSEMVYGDGDGQTFIPLSGGIDVVAHELTHAVTDYTAGLIYQNESGAINEAISDIFGTLVEFYANKNPDWEIGEDVYTPGISGDSLRSMSDPAKYGDPDHYSKRYTGTQDNGGVHINSGIINKAAYLISQGGTHYGVSVVGIGRDKLGKIFYRALTQYLTPTSNFSQLRAAAVQSATDLYGSTSQEVASVKQAFDAVGVK,CC(C)C[C@H](N[P@](=O)([O-])[C@H](Cc1ccccc1)NC(=O)OCc1ccccc1)C(=O)N[C@@H](C)C(=O)[O-],10.17
3pxf,SPEFMENFQKVEKIGEGTYGVVYKARNKLTGEVVALKKIRLDTETEGVPSTAIREISLLKELNHPNIVKLLDVIHTENKLYLVFEFLHQDLKKFMDASALTGIPLPLIKSYLFQLLQGLAFCHSHRVLHRDLKPQNLLINTEGAIKLADFGLARAFGVPVRTYTHEVVTLWYRAPEILLGCKYYSTAVDIWSLGCIFAEMVTRRALFPGDSEIDQLFRIFRTLGTPDEVVWPGVTSMPDYKPSFPKWARQDFSKVVPPLDEDGRSLLSQMLHYDPNKRISAKAALAHPFFQDVTKPVPHLRL,O=S(=O)([O-])c1cccc2cccc(Nc3ccccc3)c12,4.43
2xnb,MENFQKVEKIGEGTYGVVYKARNKLTGEVVALKKIRLDTEGVPSTAIREISLLKELNHPNIVKLLDVIHTENKLYLVFEFLHQDLKKFMDASALTGIPLPLIKSYLFQLLQGLAFCHSHRVLHRDLKPQNLLINTEGAIKLADFGLARAFGVPVRTYTHEVVTLWYRAPEILLGCKYYSTAVDIWSLGCIFAEMVTRRALFPGDSEIDQLFRIFRTLGTPDEVVWPGVTSMPDYKPSFPKWARQDFSKVVPPLDEDGRSLLSQMLHYDPNKRISAKAALAHPFFQDVTKPVPHLRL,Cc1c(-c2ccnc(Nc3ccc(N4CC[NH2+]CC4)cc3)n2)sc(=O)n1C,6.83
2fvd,MENFQKVEKIGEGTYGVVYKARNKLTGEVVALKKIRLREISLLKELNHPNIVKLLDVIHTENKLYLVFEFLHQDLKKFMDASALTGIPLPLIKSYLFQLLQGLAFCHSHRVLHRDLKPQNLLINTEGAIKLADFGLAFGVPVRTYTHEVVTLWYRAPEILLGCKYYSTAVDIWSLGCIFAEMVTRRALFPGDSEIDQLFRIFRTLGTPDEVVWPGVTSMPDYKPSFPKWARQDFSKVVPPLDEDGRSLLSQMLHYDPNKRISAKAALAHPFFQDVTKPVPHLRL,COc1ccc(F)c(F)c1C(=O)c1cnc(NC2CCN(S(C)(=O)=O)CC2)nc1N,8.52
1qi0,SVVEEHGQLSISNGELVNERGEQVQLKGMSSHGLQWYGQFVNYESMKWLRDDWGINVFRAAMYTSSGGYIDDPSVKEKVKEAVEAAIDLDIYVIIDWHILSDNDPNIYKEEAKDFFDEMSELYGDYPNVIYEIANEPNGSDVTWGNQIKPYAEEVIPIIRNNDPNNIIIVGTGTWSQDVHHAADNQLADPNVMYAFHFYAGTHGQNLRDQVDYALDQGAAIFVSEWGTSAATGDGGVFLDEAQVWIDFMDERNLSWANWSLTHKDESSAALMPGANPTGGWTEAELSPSGTFVREKIRESAS,OC[C@H]1O[C@@H](O[C@H]2[C@H](O)[C@@H](O)[C@H](O)O[C@@H]2CO)[C@H](O)[C@@H](O)[C@@H]1O,2.35
1w3k,SVVEEHGQLSISNGELVNERGEQVQLKGMSSHGLQWYGQFVNYESMKWLRDDWGINVFRAAMYTSSGGYIDDPSVKEKVKEAVEAAIDLDIYVIIDWHILSDNDPNIYKEEAKDFFDEMSELYGDYPNVIYEIANEPNGSDVTWGNQIKPYAEEVIPIIRNNDPNNIIIVGTGTWSQDVHHAADNQLADPNVMYAFHFYAGTHGQNLRDQVDYALDQGAAIFVSEWGTSAATGDGGVFLDEAQVWIDFMDERNLSWANWSLTHKDESSAALMPGANPTGGWTEAELSPSGTFVREKIRES,OC[C@H]1O[C@@H](O[C@H]2[C@H](O)C[NH2+]O[C@@H]2CO)[C@H](O)[C@@H](O)[C@@H]1O,4.3
1w3l,SVVEEHGQLSISNGELVNERGEQVQLKGMSSHGLQWYGQFVNYESMKWLRDDWGINVFRAAMYTSSGGYIDDPSVKEKVKEAVEAAIDLDIYVIIDWHILSDNDPNIYKEEAKDFFDEMSELYGDYPNVIYEIANEPNGSDVTWGNQIKPYAEEVIPIIRNNDPNNIIIVGTGTWSQDVHHAADNQLADPNVMYAFHFYAGTHGQNLRDQVDYALDQGAAIFVSEWGTSAATGDGGVFLDEAQVWIDFMDERNLSWANWSLTHKDESSAALMPGANPTGGWTEAELSPSGTFVREKIRES,OC[C@H]1O[C@@H](O[C@H]2[C@H](O)[C@@H](O)[C@H](O[C@H]3[C@H](O)C[NH2+]O[C@@H]3CO)O[C@@H]2CO)[C@H](O)[C@@H](O)[C@@H]1O,6.28
3imc,PAFHPGELNVYSAPGDVADVSRALRLTGRRVMLVPTMGALHEGHLALVRAAKRVPGSVVVVSIFVNPMQFGAGGDLDAYPRTPDDDLAQLRAEGVEIAFTPTTAAMYPDGLRTTVQPGPLAAELEGGPRPTHFAGVLTVVLKLLQIVRPDRVFFGEKDYQQLVLIRQLVADFNLDVAVVGVPTVREADGLAMSSRNRYLDPAQRAAAVALSAALTAAAHAATAGAQAALDAARAVLDAAPGVAVDYLELRDIGLGPMPLNGSGRLLVAARLGTTRLLDNIAIEIGTF,COc1ccc2[nH]ccc2c1,2.96
3ivg,IPAFHPGELNVYSAPGDVADVSRALRLTGRRVMLVPTMGALHEGHLALVRAAKRVPGSVVVVSIFVNPMQFGAGGDLDAYPRTPDDDLAQLRAEGVEIAFTPTTAAMYPDGLRTTVQPGPLAAELEGGPRPTHFAGVLTVVLKLLQIVRPDRVFFGEKDYQQLVLIRQLVADFNLDVAVVGVPTVREADGLAMSSRNRYLDPAQRAAAVALSAALTAAAHAATAGAQAALDAARAVLDAAPGVAVDYLELRDIGLGPMPLNGSGRLLVAARLGTTRLLDNIAIEIGT,COc1ccc2c(c1)cc(CNS(=O)(=O)c1cc3ccccc3o1)n2CC(=O)[O-],4.3
3coy,IPAFHPGELNVYSAPGDVADVSRALRLTGRRVMLVPTMGALHEGHLALVRAAKRVPGSVVVVSIFVNPMQFGAYPRTPDDDLAQLRAEGVEIAFTPTTAAMYPDGLRTTVQPGPLAAELEGGPRPTHFAGVLTVVLKLLQIVRPDRVFFGEKDYQQLVLIRQLVADFNLDVAVVGVPTVREADGLAMSSRNRYLDPAQRAAAVALSAALTAAAHAATAGAQAALDAARAVLDAAPGVAVDYLELRDIGLGPMNGSGRLLVAARLGTTRLLDNIAIEIGTF,CC(C)(C)[C@@H]([NH3+])C(=O)NS(=O)(=O)OC[C@H]1O[C@@H](n2cnc3c(N)ncnc32)[C@H](O)[C@@H]1O,6.02
3b3s,MPPITQQATVTAWLPQVDASQITGTISSLESFTNRFYTTTSGAQASDWIASEWQALSASLPNASVKQVSHSGYNQKSVVMTITGSEAPDEWIVIGGHLDSTIGSHTNEQSVAPGADDDASGIAAVTEVIRVLSENNFQPKRSIAFMAYAAEEVGLRGSQDLANQYKSEGKNVVSALQLDATNYKGSAQDVVFITDYTDSNFTQYLTQLMDEYLPSLTYGFDTCGYACSDHASWHNAGYPAAMPFESKFNDYNPRIHTTQDTLANSDPTGSHAKKFTQLGLAYAIEMGSATG,CC(C)C[C@H]([NH3+])C(=O)[O-],2.55
3b3w,MPPITQQATVTAWLPQVDASQITGTISSLESFTNRFYTTTSGAQASDWIASEWQALSASLPNASVKQVSHSGYNQKSVVMTITGSEAPDEWIVIGGHLDSTIGSHTNEQSVAPGADDDASGIAAVTEVIRVLSENNFQPKRSIAFMAYAAEEVGLRGSQDLANQYKSEGKNVVSALQLDMTNYKGSAQDVVFITDYTDSNFTQYLTQLMDEYLPSLTYGFDTCGYACADHASWHNAGYPAAMPFESKFNDYNPRIHTTQDTLANSDPTGSHAKKFTQLGLAYAIEMGSATG,CC(C)C[C@H]([NH3+])C(=O)[O-],4.19
3vh9,MPPITQQATVTAWLPQVDASQITGTISSLESFTNRFYTTTSGAQASDWIASEWQALSASLPNASVKQVSHSGYNQKSVVMTITGSEAPDEWIVIGGHLDSTIGSHTNEQSVAPGADDDASGIAAVTEVIRVLSENNFQPKRSIAFMAYAAEEVGLRGSQDLANQYKSEGKNVVSALQLDMTNYKGSAQDVVFITDYTDSNFTQYLTQLMDEYLPSLTYGFDTCGYACSDHASWHNAGYPAAMPFESKFNDYNPRIHTTQDTLANSDPTGSHAKKFTQLGLAYAIEMGSATG,Oc1cccc2cccnc12,6.24
3mss,MDPSYDKWEMERTDITMKHKLGGGQYGEVYEGVWKKYSLTVAVKTLVEEFLKEAAVMKEIKHPNLVQLLGVCTREPPFYIITEFMTYGNLLDYLRECNRQEVSAVVLLYMATQISSAMEYLEKKNFIHRDLAARNCLVGENHLVKVADFGLSRLMGDTYTAHAGAKFPIKWTAPESLAYNKFSIKSDVWAFGVLLWEIATYGMSPYPGIDLSQVYELLEKDYRMERPEGCPEKVYELMRACWQWNPSDRPSFAEIHQAFETMFQ,CNC(=O)[C@@H]([NH3+])Cc1ccc(OCc2ccccc2)cc1,4.66
3k5v,AMDPSSPNYDKWEMERTDITMKHKLGGGQYGEVYEGVWKKYSLTVAVKTLKEDMEVEEFLKEAAVMKEIKHPNLVQLLGVCTREPPFYIITEFMTYGNLLDYLRECNRQEVSAVVLLYMATQISSAMEYLEKKNFIHRDLAARNCLVGENHLVKVADFGLSRLMTGDTYTAHAGAKFPIKWTAPESLAYNKFSIKSDVWAFGVLLWEIATYGMSPYPGIDLSQVYELLEKDYRMERPEGCPEKVYELMRACWQWNPSDRPSFAEIHQAFETMFQESSISDEVEKEL,NC(=O)c1cccc(-c2cc(Nc3ccc(OC(F)(F)F)cc3)ncn2)c1,6.3
2v7a,DKWEMERTDITMKHKLGGGQYGEVYEGVWKKYSLTVAVKTLKEDTMEVEEFLKEAAVMKEIKHPNLVQLLGVCTREPPFYIIIEFMTYGNLLDYLRECNRQEVNAVVLLYMATQISSAMEYLEKKNFIHRDLAARNCLVGENHLVKVADFGLSRLMTGDTTAHAGAKFPIKWTAPESLAYNKFSIKSDVWAFGVLLWEIATYGMSPYPGIDLSQVYELLEKDYRMERPEGCPEKVYELMRACWQWNPSDRPSFAEIHQAFETMFQESSIS,CO[C@@H](C(=O)N1Cc2[nH]nc(NC(=O)c3ccc(N4CC[NH+](C)CC4)cc3)c2C1)c1ccccc1,8.3
2brb,AVPFVEDWDLVQTLGEGAYGEVQLAVNRVTEEAVAVKIVDMKRCPENIKKEICINKMLNHENVVKFYGHRREGNIQYLFLEYCSGGELFDRIEPDIGMPEPDAQRFFHQLMAGVVYLHGIGITHRDIKPENLLLDERDNLKISDFGLATVFRYNNRERLLNKMCGTLPYVAPELLKRREFHAEPVDVWSCGIVLTAMLAGELPWDQPSDSCQEYSDWKEKKTYLNPWKKIDSAPLALLHKILVENPSARITIPDIKKDRWYNKPLKKGAKRP,OCCNc1ncnc2oc(-c3ccccc3)c(-c3ccccc3)c12,4.86
3jvs,AVPFVEDWDLVQTLGEEVQLAVNRVTEEAVAVKIVDNIKKEICINKMLNHENVVKFYGHRREIQYLFLEYCSGGELFDRIEPDIGMPEPDAQRFFHQLMAGVVYLHGIGITHRDIKPENLLLDERDNLKISDFGLATVFRYNNRERLLNKMCGTLPYVAPELLKRREFHAEPVDVWSCGIVLTAMLAGELPWDQPSDSCQEYSDWKEKKTYLNPWKKIDSAPLALLHKILVENPSARITIPDIKKDRWYNKPLKKG,CC(C)(C)c1ccc(C(=O)NNC(=O)Nc2cccc3ccccc23)cc1[N+](=O)[O-],6.54
1nvq,VPFVEDWDLVQTLGEGAYGEVQLAVNRVTEEAVAVKIVDMKNIKKEICINKMLNHENVVKFYGHRREGNIQYLFLEYCSGGELFDRIEPDIGMPEPDAQRFFHQLMAGVVYLHGIGITHRDIKPENLLLDERDNLKISDFGLATVFRYNNRERLLNKMCGTLPYVAPELLKRREFHAEPVDVWSCGIVLTAMLAGELPWDQPSDSCQEYSDWKEKKTYLNPWKKIDSAPLALLHKILVENPSARITIPDIKKDRWYNKPLKKGA,C[NH2+][C@@H]1C[C@H]2O[C@@](C)([C@@H]1OC)n1c3ccccc3c3c4c(c5c6ccccc6n2c5c31)C(=O)N[C@@H]4O,8.25
3acw,MTMMDMNFKYCHKIMKKHSKSFSYAFDLLPEDQRKAVWAIYAVCRKIDDSIDVYGDIQFLNQIKEDIQSIEKYPYEYHHFQSDRRIMMALQHVAQHKNIAFQSFYNLIDTVYKDQHFTMFETDAELFGYCYGVAGTVGEVLTPILSDHETHQTYDVARRLGESLQLINILRDVGEDFENERIYFSKQRLKQYEVDIAEVYQNGVNNHYIDLWEYYAAIAEKDFRDVMDQIKVFSIEAQPIIELAARIYIEILDEVRQANYTLHERVFVEKRKKAKLFHEINSKY,O[C@]1(c2ccc(-c3ccccc3)cc2)C[N+]2CCC1CC2,4.76
2zcr,MTMMDMNFKYCHKIMKKHSKSFSYAFDLLPEDQRKAVWAIYAVCRKIDDSIDDIQFLNQIKEDIQSIEKYPYEYHHFQSDRRIMMALQHVAQHKNIAFQSFYNLIDTVYKDQHFTMFETDAELFGYCYGVAGTVGEVLTPILSDHETHQTYDVARRLGESLQLINILRDVGEDFENERIYFSKQRLKQYEVDIAEVYQNGVNNHYIDLWEYYAAIAEKDFRDVMDQIKVFSIEAQPIIELAARIYIEILDEVRQANYTLHERVFVEKRKKAKLFHEINSKY,CCCCc1ccc(-c2ccc(CCC[C@H](P(=O)([O-])[O-])S(=O)(=O)[O-])cc2)cc1,6.87
2zcq,MTMMDMNFKYCHKIMKKHSKSFSYAFDLLPEDQRKAVWAIYAVCRKIDDSIDVYGDIQFLNQIKEDIQSIEKYPYEYHHFQSDRRIMMALQHVAQHKNIAFQSFYNLIDTVYKDQHFTMFETDAELFGYCYGVAGTVGEVLTPILSDHETHQTYDVARRLGESLQLINILRDVGEDFENERIYFSKQRLKQYEVDIAEVYQNGVNNHYIDLWEYYAAIAEKDFRDVMDQIKVFSIEAQPIIELAARIYIEILDEVRQANYTLHERVFVEKRKKAKLFHEINSKY,O=P([O-])([O-])[C@@H](CCCc1cccc(Oc2ccccc2)c1)S(=O)(=O)[O-],8.82
1bcu,IVEGSDAEIGMSPWQVMLFRKSPQELLCGASLISDRWVLTAAHCLLYPPWDKNFTENDLLVRIGKHSRTRYERNIEKISMLEKIYIHPRYNWRENLDRDIALMKLKKPVAFSDYIHPVCLPDRETAASLLQAGYKGRVTGWGNLKEGQPSVLQVVNLPIVERPVCKDSTRIRITDNMFCAGYKPDEGKRGDACEGDSGGPFVMKSPFNNRWYQMGIVSWGEGCDRDGKYGFYTHVFRLKKWIQKVIDQF,Nc1ccc2cc3ccc(N)cc3nc2c1,3.28
1oyt,IVEGSDAEIGMSPWQVMLFRKSPQELLCGASLISDRWVLTAAHCLLYPPWDKNFTENDLLVRIGKHSRTRYERNIEKISMLEKIYIHPRYNWRENLDRDIALMKLKKPVAFSDYIHPVCLPDRETAASLLQAGYKGRVTGWGNLKETGQPSVLQVVNLPIVERPVCKDSTRIRITDNMFCAGYKPDEGKRGDACEGDSGGPFVMKSPFNNRWYQMGIVSWGEGCDRDGKYGFYTHVFRLKKWIQKVIDQF,NC(=[NH2+])c1ccc([C@H]2[C@H]3C(=O)N(Cc4ccc(F)cc4)C(=O)[C@H]3[C@@H]3CCC[N@@H+]32)cc1,7.24
3utu,VEGSDAEIGMSPWQVMLFRKSPQELLCGASLISDRWVLTAAHCLLYPPWDKNFTENDLLVRIGKHSRTRYERNIEKISMLEKIYIHPRYNWRENLDRDIALMKLKKPVAFSDYIHPVCLPDRETAASLLQAGYKGRVTGWGNLKEGQPSVLQVVNLPIVERPVCKDSTRIRITDNMFCAGYKPDEGKRGDACEGDSGGPFVMKSPFNNRWYQMGIVSWGEGCDRDGKYGFYTHVFRLKKWIQKVIDQFG,COc1ccc(S(=O)(=O)N[C@@H](CC(=O)NCc2ccc(C#N)cc2)C(=O)N2CCC[C@H]2C(=O)NCc2ccc(C(N)=[NH2+])cc2)cc1Cl,10.92
3u9q,SADLRALAKHLYDSYIKSFPLTKAKARAILTGKTTDKSPFVIYDMNSLMMGEDKIKEVAIRIFQGCQFRSVEAVQEITEYAKSIPGFVNLDLNDQVTLLKYGVHEIIYTMLASLMNKDGVLISEGQGFMTREFLKSLRKPFGDFMEPKFEFAVKFNALELDDSDLAIFIAVIILSGDRPGLLNVKPIEDIQDNLLQALELQLKLNHPESSQLFAKLLQKMTDLRQIVTEHVQLLQVIKKTETDMSLHPLLQEIYKDL,CCCCCCCCCC(=O)[O-],4.38
2yfe,DQLNPESADLRALAKHLYDSYIKSFPLTKAKARAILTGKTTDKSPFVIYDMNSLMMGEDKISKEVAIRIFQGCQFRSVEAVQEITEYAKSIPGFVNLDLNDQVTLLKYGVHEIIYTMLASLMNKDGVLISEGQGFMTREFLKSLRKPFGDFMEPKFEFAVKFNALELDDSDLAIFIAVIILSGDRPGLLNVKPIEDIQDNLLQALELQLKLNHPESSQLFAKLLQKMTDLRQIVTEHVQLLQVIKKTETDMSLHPLLQEIYKDL,COc1cc(CCc2ccccc2)c(C(=O)[O-])c(O)c1CC=C(C)C,6.63
2p4y,NPESADLRALAKHLYDSYIKSFPLTKAKARAILTKSPFVIYDMNSIRIFQGCQFRSVEAVQEITEYAKSIPGFVNLDLNDQVTLLKYGVHEIIYTMLASLMNKDGVLISEGQGFMTREFLKSLRKPFGDFMEPKFEFAVKFNALELDDSDLAIFIAVIILSGDRPGLLNVKPIEDIQDNLLQALELQLKLNHPESSQLFAKLLQKMTDLRQIVTEHVQLLQVIKKTETDMSLHPLLQEIYKDLY,COc1ccc2c(-c3c(C)n(Cc4cc(O[C@H](C)C(=O)[O-])ccc4Cl)c4cc(OC(F)(F)F)ccc34)noc2c1,9.0
3uo4,KKRQWALEDFEIGRPLGKGKFGNVYLAREKQSKFILALKVLFKAQLEKAGVEHQLRREVEIQSHLRHPNILRLYGYFHDATRVYLILEYAPLGTVYRELQKLSKFDEQRTATYITELANALSYCHSKRVIHRDIKPENLLLGSAGELKIADFGWSVHAPSSRRDTLCGTLDYLPPEMIEGRMHDEKVDLWSLGVLCYEFLVGKPPFEANTYQETYKRISRVEFTFPDFVTEGARDLISRLLKHNPSQRPMLREVLEHPWITANSSK,O=C([O-])c1ccc(Nc2nccc(Nc3ccccc3-c3ccccc3)n2)cc1,6.52
2wtv,KRQWALEDFEIGRPLGKGKFGNVYLAREKQSKFILALKVLFKAQLEKAGVEHQLRREVEIQSHLRHPNILRLYGYFHDATRVYLILEYAPRGEVYKELQKLSKFDEQRTATYITELANALSYCHSKRVIHRDIKPENLLLGSAGELKIADFGWSVHAPSSRRLGTLDYLPPEMIEGRMHDEKVDLWSLGVLCYEFLVGKPPFEANTYQETYKRISRVEFTFPDFVTEGARDLISRLLKHNPSQRPMLREVLEHPWITANSSK,O=C([O-])c1ccc(Nc2ncc3c(n2)-c2ccc(Cl)cc2C(c2c(F)cccc2F)=NC3)cc1,8.74
3myg,RQWALEDFEIGRPLGKGKFGNVYLAREKQSKFILALKVLFKAQLEKAGVEHQLRREVEIQSHLRHPNILRLYGYFHDATRVYLILEYAPLGTVYRELQKLSKFDEQRTATYITELANALSYCHSKRVIHRDIKPENLLLGSAGELKIADFGWSVHTLDYLPPEMIEGRMHDEKVDLWSLGVLCYEFLVGKPPFEANTYQETYKRISRVEFTFPDFVTEGARDLISRLLKHNPSQRPMLREVLEHPWITANSS,CC[N+](Cc1cc(Nc2nc(C)cn3c(-c4cn[nH]c4)cnc23)sn1)C(C)(C)CO,10.7
3kgp,IIGGEFTTIENQPWFAAIYRRHVTYVCGGSLISPCWVISATHCFIDYPKKEDYIVYLGRSRLNSNTQGEMKFEVENLILHKDYSADAHHNDIALLKIRSKEGRCAQPSRTIQTIALPSMYNDPQFGTSCEITGFGKEQSTDYLYPEQLKMTVVKLISHRECQQPHYYGSEVTTKMLCAADPQWKTDSCQGDSGGPLVCSLQGRMTLTGIVSWGRGCALKDKPGVYTRVSHFLPWIRSHT,[NH3+]Cc1ccc(C(=O)[O-])cc1,2.57
1o5b,IIGGEFTTIENQPWFAAIYRRHRGGSVTYVCGGSLMSPCWVISATHCFIDYPKKEDYIVYLGRSRLNSNTQGEMKFEVENLILHKDYSADTLAHHNDIALLKIRSKEGRCAQPSRTIQTICLPSMYNDPQFGTSCEITGFGKEASTDYLYPEQLKMTVVKLISHRECQQPHYYGSEVTTKMLCAADPQWKTDACQGDSGGPLVCSLQGRMTLTGIVSWGRGCALKDKPGVYTRVSHFLPWIRSHT,NC(=[NH2+])c1cc2c(I)cccc2s1,5.77
1sqa,IIGGEFTTIENQPWFAAIYRRHRGGSVTYVCGGSLMSPCWVISATHCFIDYPKKEDYIVYLGRSRLNSNTQGEMKFEVENLILHKDYSADTLAHHNDIALLKIRSKEGRCAQPSRTIQTICLPSMYNDPQFGTSCEITGFGKEQSTDYLYPEQLKMTVVKLISHRECQQPHYYGSEVTTKMLCAADPQWKTDSCQGDSGGPLVCSLQGRMTLTGIVSWGRGCALKDKPGVYTRVSHFLPWIRSHT,NC(=[NH2+])c1ccc2cc(C(=O)Nc3ccc(C[NH3+])cc3)cc(Nc3ncccn3)c2c1,9.21
3kwa,HWGYGKHNGPEHWHKDFPIAKGERQSPVDIDTHTAKYDPSLKPLSVSYDQATSLRILNNGHAFNVEFDDSQDKAVLKGGPLDGTYRLIQFHFHWGSLDGQGSEHTVDKKKYAAELHLVHWNTKYGDFGKAVQQPDGLAVLGIFLKVGSAKPGLQKVVDVLDSIKTKGKSADFTNFDPRGLLPESLDYWTYPGSLTTPPLLECVTWIVLKEPISVSSEQVLKFRKLNFNGEGEPEELMVDNWRPAQPLKNRQIKASF,[NH3+]CCC[NH2+]CCCC[NH2+]CCC[NH3+],4.08
2weg,HHWGYGKHNGPEHWHKDFPIAKGERQSPVDIDTHTAKYDPSLKPLSVSYDQATSLRILNNGHAFNVEFDDSQDKAVLKGGPLDGTYRLIQFHFHWGSLDGQGSEHTVDKKKYAAELHLVHWNTKYGDFGKAVQQPDGLAVLGIFLKVGSAKPGLQKVVDVLDSIKTKGKSADFTNFDPRGLLPESLDYWTYPGSLTTPPLLECVTWIVLKEPISVSSEQVLKFRKLNFNGEGEPEELMVDNWRPAQPLKNRQIKASFK,NS(=O)(=O)c1ccccc1F,6.5
3dd0,HHWGYGKHNGPEHWHKDFPIAKGERQSPVDIDTHTAKYDPSLKPLSVSYDQATSLRILNNGHAFNVEFDDSQDKAVLKGGPLDGTYRLIQFHFHWGSLDGQGSEHTVDKKKYAAELHLVHWNTKYGDFGKAVQQPDGLAVLGIFLKVGSAKPGLQKVVDVLDSIKTKGKSADFTNFDPRGLLPESLDYWTYPGSLTTPPLLECVTWIVLKEPISVSSEQVLKFRKLNFNGEGEPEELMVDNWRPAQPLKNRQIKASFK,CCOc1ccc2nc(S(N)(=O)=O)sc2c1,9.0
2xdl,VETFAFQAEIAQLMSLIINTFYSNKEIFLRELISNSSDALDKIRYESLTDPSKLDSGKELHINLIPNKQDRTLTIVDTGIGMTKADLINNLGTIAKSGTKAFMEALQAGADISMIGQFGVGFYSAYLVAEKVTVITKHNDDEQYAWESSAGGSFTVRTDTGEPMGRGTKVILHLKEDQTEYLEERRIKEIVKKHSQFIGYPITLFVEK,CCN(CC)C(=O)c1ccc(O)c(OC)c1,3.1
1yc1,EEVETFAFQAEIAQLMSLIINTFYSNKEIFLRELISNSSDALDKIRYETLTDPSKLDSGKELHINLIPNKQDRTLTIVDTGIGMTKADLINNLGTIAKSGTKAFMEALQAGADISMIGQFGVGFYSAYLVAEKVTVITKHNDDEQYAWESSAGGSFTVRTDTGEPMGRGTKVILHLKEDQTEYLEERRIKEIVKKHSQFIGYPITLFVEK,CCc1cc(-c2n[nH]c(C(=O)[O-])c2-c2ccc3c(c2)OCO3)c(O)cc1O,6.17
2yki,METFAFQAEIAQLMSLIINTFYSNKEIFLRELISNSSDALDKIRYESLTDPSKLDSGKELHINLIPNKQDRTLTIVDTGIGMTKADLINNLGTIAKSGTKAFMEALQAGADISMIGQFGVGFYSAYLVAEKVTVITKHNDDEQYAWESSAGGSFTVRTDTGEPMGRGTKVILHLKEDQTEYLEERRIKEIVKKHSQFIGYPITLFVE,O=C(N[C@@H]1c2ccccc2-c2c(-c3nc4ccncc4[nH]3)cccc21)c1ccnc2[nH]ccc12,9.46
1p1q,KTVVVTTILESPYVMMKKNHEMLEGNERYEGYCVDLAAEIAKHCGFKYKLTIVGDGKYGARDADTKIWNGMVGELVYGKADIAIAPLTITLVREEVIDFSKPFMSLGISIMIKKGTPIESAEDLSKQTEIAYGTTDSGSTKEFFRRSKIAVFDKMWTYMRSAEPSVFVRTTAEGVARVRKSKGKYAYLLESTMNEYIEQRKPCDTMKVGGNLDSKGYGIATPKGSSLGNAVNLAVLKLNEQGLLDKLKNKWWYDKGEC,Cc1onc(O)c1C[C@H]([NH3+])C(=O)[O-],4.89
3bfu,GANKTVVVTTILESPYVMMKKNHEMLEGNERYEGYCVDLAAEIAKHCGFKYKLTIVGDGKYGARDADTKIWNGMVGELVYGKADIAIAPLTITLVREEVIDFSKPFMSLGISIMIKKGTPIESAEDLSKQTEIAYGTLDSGSTKEFFRRSKIAVFDKMWTYMRSAEPSVFVRTTAEGVARVRKSKGKYAYLLESTMNEYIEQRKPCDTMKVGGNLDSKGYGIATPKGSSLGNAVNLAVLKLNEQGLLDKLKNKWWYDKGECG,[NH3+][C@H](Cc1nsnc1O)C(=O)[O-],6.27
4g8m,ANKTVVVTTILESPYVMMKKNHEMLEGNERYEGYCVDLAAEIAKHCGFKYKLTIVGDGKYGARDADTKIWNGMVGELVYGKADIAIAPLTITLVREEVIDFSKPFMSLGISIMIKKGTPIESAEDLSKQTEIAYGTLDSGSTKEFFRRSKIAVFDKMWTYMRSAEPSVFVRTTAEGVARVRKSKGKYAYLLESTMNEYIEQRKPCDTMKVGGNLDSKGYGIATPKGSSLGNAVNLAVLKLNEQGLLDKLKNKWWYDKGEC,[NH3+][C@H](C(=O)[O-])[C@@H]1CC[C@@H]1C(=O)[O-],7.89
3g2z,TSAVQQKLAALEKSSGGRLGVALIDTADNTQVLYRGDERFPMCSTSKVMAAAAVLKQSETQKQLLNQPVEIKPADLVNYNPIAEKHVNGTMTLAELSAAALQYSDNTAMNKLIAQLGGPGGVTAFARAIGDETFRLDRTEPTLNTAIPGDPRDTTTPRAMAQTLRQLTLGHALGETQRAQLVTWLKGNTTGAASIRAGLPTSWTAGDKTGSGDYGTTNDIAVIWPQGRAPLVLVTYFTQPQQNAESRRDVLASAARIIAEGL,O=C1C=C(Nc2nnn[nH]2)CCC1,2.36
4de2,AVQQKLAALEKSSGGRLGVALIDTADNTQVLYRGDERFPMCSTSKVMAAAAVLKQSETQKQLLNQPVEIKPADLVNYNPIAEKHVNGTMTLAELSAAALQYSDNTAMNKLIAQLGGPGGVTAFARAIGDETFRLDRTEPTLNTAIPGDPRDTTTPRAMAQTLRQLTLGHALGETQRAQLVTWLKGNTTGAASIRAGLPTSWTAGDKTGSGDYGTTNDIAVIWPQGRAPLVLVTYFTQPQQNAESRRDVLASAARIIAEGL,C[N+](C)Cc1cccc(C(=O)Nc2cccc(-c3nn[nH]n3)c2)c1,4.12
4de1,TSAVQQKLAALEKSSGGRLGVALIDTADNTQVLYRGDERFPMCSTSKVMAAAAVLKQSETQKQLLNQPVEIKPADLVNYNPIAEKHVNGTMTLAELSAAALQYSDNTAMNKLIAQLGGPGGVTAFARAIGDETFRLDRTEPTLNTAIPGDPRDTTTPRAMAQTLRQLTLGHALGETQRAQLVTWLKGNTTGAASIRAGLPTSWTAGDKTGSGDYGTTNDIAVIWPQGRAPLVLVTYFTQPQQNAESRRDVLASAARIIAEGL,O=C(Nc1cccc(-c2nnn[nH]2)c1)c1ccc2n[nH]cc2c1,5.96
1vso,TLIVTTILEEPYVMYRKSDKPLYGNDRFEGYCLDLLKELSNILGFLYDVKLVPDGKYGAQWNGMVKELIDHRADLAVAPLTITYVREKVIDFSKPFMTLGISILYRKGTPIDSADDLAKQTKIEYGAVRDGSTMTFFKKSKISTYEKMWAFMSSSALVKNSDEGIQRVLTTDYALLMESTSIEYVTQRNCNLTQIGGLIDSKGYGVGTPIGSPYRDKITIAILQLQEEGKLHMMKEKWWRGNG,CC(C)(C)c1onc(OCP(=O)([O-])[O-])c1C[C@H]([NH3+])C(=O)[O-],4.72
3gbb,NRTLIVTTILEEPYVMYRKSDKPLYGNDRFEGYCLDLLKELSNILGFLYDVKLVPDGKYGAQNDKGEWNGMVKELIDHRADLAVAPLTITYVREKVIDFSKPFMTLGISILYRKGTPIDSADDLAKQTKIEYGAVRDGSTMTFFKKSKISTYEKMWAFMSSRQQSALVKNSDEGIQRVLTTDYALLMESTSIEYVTQRNCNLTQIGGLIDSKGYGVGTPIGSPYRDKITIAILQLQEEGKLHMMKEKWWRGNGCP,[NH3+][C@@H](C[C@]1(C(=O)[O-])C[C@H]2OCCC[C@H]2O1)C(=O)[O-],6.9
3fv1,ANRTLIVTTILEEPYVMYRKSDKPLYGNDRFEGYCLDLLKELSNILGFIYDVKLVPDGKYGAQNDKGEWNGMVKELIDHRADLAVAPLTITYVREKVIDFSKPFMTLGISILYRKGTPIDSADDLAKQTKIEYGAVRDGSTMTFFKKSKISTYEKMWAFMSSRQQTALVRNSDEGIQRVLTTDYALLMESTSIEYVTQRNCNLTQIGGLIDSKGYGVGTPIGSPYRDKITIAILQLQEEGKLHMMKEKWWRGNGCP,C[NH2+][C@H]1[C@H]2O[C@@](C[C@H]([NH3+])C(=O)[O-])(C(=O)[O-])C[C@H]2OC[C@H]1O,9.3
2y5h,IVGGQECKDGECPWQALLINEENEGFCGGTILSEFYILTAAHCLYQAKRFKVRVGDRNTEQEEGGEAVHEVEVVIKHNRFTKETYDFDIAVLRLKTPITFRMNVAPACLPERDWAESTLMTQKTGIVSGFGRTHEKGEQSTRLKMLEVPYVDRNSCKLSSSFIITQNMFCAGYDTKQEDACQGDSGGPHVTRFKDTYFVTGIVSWGEGCARKGKYGIYTKVTAFLKWIDRSMKT,C[N+](C)(C)CCCN1C(=O)[C@@H]2[C@H](C1=O)[C@H](c1coc(-c3ccc(Cl)s3)n1)[N+]1CCC[C@@H]21,5.79
2xbv,IVGGQECKDGECPWQALLINEENEGFCGGTILSEFYILTAAHCLYQAKRFKVRVGDRNTEQEEGGEAVHEVEVVIKHNRFTKETYDFDIAVLRLKTPITFRMNVAPACLPERDWAESTLMTQKTGIVSGFGRTHEKGEQSTRLKMLEVPYVDRNSCKLSSSFIITQNMFCAGYDTKQEDACQGDSGGPHVTRFKDTYFVTGIVSWGEGCARKGKYGIYTKVTAFLKWIDRSMKTR,O=C(Nc1ccc(Cl)cn1)[C@H]1C[N+](CC(F)F)C[C@@H]1C(=O)Nc1ccc(-n2ccccc2=O)cc1F,8.43
1mq6,IVGGQECKDGECPWQALLINEENEGFCGGTILSEFYILTAAHCLYQAKRFKVRVGDRNTEQEEGGEAVHEVEVVIKHNRFTKETYDFDIAVLRLKTPITFRMNVAPACLPERDWAESTLMTQKTGIVSGFGRTHEKGRQSTRLKMLEVPYVDRNSCKLSSSFIITQNMFCAGYDTKQEDACQGDSGGPHVTRFKDTYFVTGIVSWGEGCARKGKYGIYTKVTAFLKWIDRSMK,COc1cc(Cl)cc(C(=O)Nc2ccc(Cl)cn2)c1NC(=O)c1scc(CN(C)C2=NCCO2)c1Cl,11.15
1loq,RLILAMDLMNRDDALRVTGEVREYIDTVKIGYPLVLSEGMDIIAEFRKRFGRIIADFKVADIPETNEKICRATFKAGADAIIVHGFPGADSVRACLNVAEEMGREVFLLTEMSHPGAEMFIQGAADEIARMGVDLGVKNYVGPSTRPERLSRLREIIGQDSFLISPGVGAQGGDPGETLRFADAIIVGRSIYLADNPAAAAAGIIESI,O=c1ccn([C@@H]2O[C@H](COP(=O)([O-])[O-])[C@@H](O)[C@H]2O)c(=O)[nH]1,3.7
1lol,VMNRLILAMDLMNRDDALRVTGEVREYIDTVKIGYPLVLSEGMDIIAEFRKRFGCRIIADFKVADIPETNEKICRATFKAGADAIIVHGFPGADSVRACLNVAEEMGREVFLLTEMSHPGAEMFIQGAADEIARMGVDLGVKNYVGPSTRPERLSRLREIIGQDSFLISPGGDPGETLRFADAIIVGRSIYLADNPAAAAAGIIESIKDLLIPE,O=c1[nH]c(=O)c2ncn([C@@H]3O[C@H](COP(=O)([O-])[O-])[C@@H](O)[C@H]3O)c2[nH]1,6.39
1lor,RLILAMDLMNRDDALRVTGEVREYIDTVKIGYPLVLSEGMDIIAEFRKRFGCRIIADFKVADIPETNEKICRATFKAGADAIIVHGFPGADSVRACLNVAEEMGREVFLLTEMSHPGAEMFIQGAADEIARMGVDLGVKNYVGPSTRPERLSRLREIIGQDSFLISPGVGAQGGDPGETLRFADAIIVGRSIYLADNPAAAAAGIIESI,O=c1cc(O)n([C@@H]2O[C@H](COP(=O)([O-])[O-])[C@@H](O)[C@H]2O)c(=O)[nH]1,11.06
1uto,IVGGYTCGANTVPYQVSLNSGYHFCGGSLINSQWVVSAAHCYKSGIQVRLGEDNINVVEGNEQFISASKSIVHPSYNSNTLNNDIMLIKLKSAASLNSRVASISLPTSCASAGTQCLISGWGNTKSSGTSYPDVLKCLKAPILSDSSCKSAYPGQITSNMFCAGYLEGGKDSCQGDSGGPVVCSGKLQGIVSWGSGCAQKNKPGVYTKVCNYVSWIKQTIASN,[NH3+]CCc1ccccc1,2.27
3gy4,IVGGYTCGANTVPYQVSLNSGYHFCGGSLINSQWVVSAAHCYKSGIQVRLGEDNINVVEGNEQFISASKSIVHPSYNSNTLNNDIMLIKLKSAASLNSRVASISLPTSCASAGTQCLISGWGNTKSSGTSYPDVLKCLKAPILSDSSCKSAYPGQITSNMFCAGYLEGGKDSCQGDSGGPVVCSGKLQGIVSWGSGCAQKNKPGVYTKVCNYVSWIKQTIASN,NC(=[NH2+])c1ccc(N)cc1,5.1
1o3f,IVGGYTCGANTVPYQVSLNSGYHFCGGSLINSQWVVSAAHCYKSGIQVRLGEDNINVVEGNEQFISASKSIVHPSYNSNTLNNDIMLIKLKSAASLNSRVASISLPTSCASAGTQCLISGWGNTKSSGTSYPDVLKCLKAPILSDSSCKSAYPGQITSNMFCAGYLEGGKDSCQGDSGGPVVCSGKLQGIVSWGSGCAQKNKPGVYTKVCNYVSWIKQTIASN,NC(=[NH2+])c1ccc2[nH]c(-c3cccc(-c4ccccc4)c3O)cc2c1,7.96
2yge,MASETFEFQAEITQLMSLIINTVYSNKEIFLRELISNASDALDRIRYKSLSDPKQLETEPDLFIRITPKPEQKVLEIRDSGIGMTKAELINNLGTIANSGTKAFMEALSAGADVSMIGQFGVGFYSLFLVADRVQVISKSNDDEQYIWESNAGGSFTVTLDEVNERIGRGTILRLFLKDDQLEYLEEKRIKEVIKRHSEFVAYPIQLVVTKEVE,COC1=C2C[C@H](C)C[C@H](OC)[C@H](O)[C@@H](C)/C=C(\C)[C@H](OC(N)=O)[C@@H](OC)/C=C\C=C(/C)C(=O)NC(=CC1=O)C2=O,5.06
2iwx,MASETFEFQAEITQLMSLIINTVYSNKEIFLRELISNASDALDKIRYKSLSDPKQLETEPDLFIRITPKPEQKVLEIRDSGIGMTKAELINNLGTIAKSGTKAFMEALSAGADVSMIGQFGVGFYSLFLVADRVQVISKSNDDEQYIWESNAGGSFTVTLDEVNERIGRGTILRLFLKDDQLEYLEEKRIKEVIKRHSEFVAYPIQLVVTKEVE,O=C1CCCCC/C=C/CCOC(=O)c2c(O)cc(O)c(Cl)c2C1,6.68
2vw5,MASETFEFQAEITQLMSLIINTVYSNKEIFLRELISNASDALDKIRYKSLSDPKQLETEPDLFIRITPKPEQKVLEIRDSGIGMTKAELINNLGTIAKSGTKAFMEALSAGADVSMIGQFGVGFYSLFLVADRVQVISKSNDDEQYIWESNAGGSFTVTLDEVNERIGRGTILRLFLKDDQLEYLEEKRIKEVIKRHSEFVAYPIQLVVTKEVE,CO[C@H]1C[C@H](C)Cc2cc(O)cc(c2)NC(=O)/C(C)=C/CC[C@H](C)[C@@H](OC(N)=O)/C(C)=C/[C@H](C)[C@H]1O,8.52
2ymd,QANLMRLKSDLFNRSPMYPGPTKDDPLTVTLGFTLQDIVKVDSSTNEVDLVYWEQQRWKLNSLMWDPNEYGNITDFRTSAADIWTPDITAYESTRPVQVLSPQIAVVTHDGSVMFIPAQRLSFMCDPTGVDSEEGVTCALTFGSWVYSGFEIDLKTDTDQVDLSSYYASSKYEILSATQTRQVQHYSCCPEPYIDVNLVVKFRERRAGNGFF,[NH3+]CCc1c[nH]c2ccc(O)cc12,3.16
2xys,QANLMRLKSDLFNRSPMYPGPTKDDPLTVTLGFTLQDIVKVDSSTNEVDLVYYEQQRWKLNSLMWDPNEYGNITDFRTSAADIWTPDITAYSSTRPVQVLSPQIAVVTHDGSVMFIPAQRLSFMCDPTGVDSEEGVTCAVKFGSWVYSGFEIDLKTDTDQVDLSSYYASSKYEILSATQTRQVQHYSCCPEPYIDVNLVVKFRER,O[C@@H]1C[C@@H]2OCC=C3C[N+]4CC[C@]56c7ccccc7N1[C@H]5[C@H]2[C@H]3C[C@H]46,7.42
2x00,YKDDDDKLHSQANLMRLKSDLFNRSPMYPGPTKDDPLTVTLGFTLQDIVKADSSTNEVDLVYYEQQRWKLNSLMWDPNEYGNITDFRTSAADIWTPDITAYSSTRPVQVLSPQIAVVTHDGSVMFIPAQRLSFMCDPTGVDSEEGATCAVKFGSWVYSGFEIDLKTDTDQVDLSSYYASSKYEILSATQTRQVQHYSCCPEPYIDVNLVVKFRERR,CC1=C([C@@H]2C[C@H](C)C(=O)O2)CC[C@]23CCCN=C2CC/C=C(\C)[C@@H]2O[C@@H](CC[C@H](O)/C(C)=C/[C@@H]13)C[C@H]2C,11.33
2r23,EVKLVESGGGLVQSGGSLRLSCATSGFTFTDYYMSWVRQPPGKALEWLGFIRNKANGYTTEYSPSVKGRFTISRDNSQSILYLQMNTLRAEDSATYYCARDHDGYYERFSYWGQGTLVTVSAAKTTPPSVYPLAPGSAANSMVTLGCLVKGYFPEPVTVTWNSGSLSSGVHTFPAVLQSDLYTLSSSVTVPSSTWPSETVTCNVAHPASSTKVDKKIVPRDC,C=CCO[C@]1(C(=O)[O-])C[C@@H](O[C@@]2(C(=O)[O-])O[C@H]([C@H](O)CO)[C@H](O)[C@H](O)[C@@H]2O)[C@@H](O)[C@@H]([C@H](O)CO)O1,3.72
3bpc,DIVMSQSPSSLAVSAGEKVTMSCKSSQSLLNSRTRKNYLAWYQQKPGQSPKLLIYWASTRESGVPDRFTGSGSGTDFTLTITSVQAEDLAVYYCKQSYNLRTFGGGTKLEIKRADAAPTVSIFPPSSEQLTSGGASVVCFLNNFYPKDINVKWKIDGSEGVLNSWTDQDSKDSTYSMSSTLTLTKDEYERHNSYTCEATHKTSTSPIVKSFNRNEC,C/C=C\O[C@]1(C(=O)[O-])C[C@@H](O)[C@@H](O)[C@@H]([C@H](O)CO[C@]2(C(=O)[O-])C=CC[C@@H]([C@H](O)CO)O2)O1,4.8
1kel,EVKLVESGGGLGQPGGSLRLSCATSGFTFTDYYFNWARQPPGKALEWLGFIRNKAKGYTTEYSASVKGRFTISRDNSQGILYLQMNTLRAEDSATYYCARWGSYAMDYWGQGTSVTVSSAKTTPPSVYPLAPGSAAQTNSMVTLGCLVKGYFPEPVTVTWNSGSLSSGVHTFPAVLQSDLYTLSSSVTVPSSPRPSETVTCNVAHPASSTKVDKKIVP,O=C([O-])CCCC[N@H+](Cc1ccc([N+](=O)[O-])cc1)CP(=O)([O-])[O-],7.28
3ozt,DTKEQRILRYVQQNAKPGDPQSVLEAIDTYCTQKEWAMNVGDAKGQIMDAVIREYSPSLVLELGAYCGYSAVRMARLLQPGARLLTMEINPDCAAITQQMLNFAGLQDKVTILNGASQDLIPQLKKKYDVDTLDMVFLDHWKDRYLPDTLLLEKCGLLRKGTVLLADNVIVPGTPDFLAYVRGSSSFECTHYSSYLEYMKVVDGLEKAIYQGP,O=C(NC/C=C/[C@H]1O[C@@H](n2ccc(=O)cc2)[C@H](O)[C@@H]1O)c1cc([N+](=O)[O-])cc(O)c1O,4.13
3oe5,DTKEQRILRYVQQNAKPGDPQSVLEAIDTYCTQKEWAMNVGDAKGQIMDAVIREYSPSLVLELGAYCGYSAVRMARLLQPGARLLTMEINPDCAAITQQMLNFAGLQDKVTILNGASQDLIPQLKKKYDVDTLDMVFLDHWKDRYLPDTLLLEKCGLLRKGTVLLADNVIVPGTPDFLAYVRGSSSFECTHYSSYLEYMKVVDGLEKAIYQGP,O=C(NC/C=C/[C@H]1O[C@@H](Sc2ccncc2)[C@H](O)[C@@H]1O)c1cc([N+](=O)[O-])cc(O)c1O,6.88
3nw9,DTKEQRILRYVQQNAKPGDPQSVLEAIDTYCTQKEWAMNVGDAKGQIMDAVIREYSPSLVLELGAYCGYSAVRMARLLQPGARLLTMEMNPDYAAITQQMLNFAGLQDKVTILNGASQDLIPQLKKKYDVDTLDMVFLDHWKDRYLPDTLLLEKCGLLRKGTVLLADNVIVPGTPDFLAYVRGSSSFECTHYSSYLEYMKVVDGLEKAIYQGP,Cc1ncnc2c1ncn2[C@@H]1O[C@H](/C=C/CNC(=O)c2cc(-c3ccc(F)cc3)cc(O)c2O)[C@@H](O)[C@H]1O,9.0
1zea,DVLMTQTPLSLPVSLGDQASISCKSSQSIVHSSGNTYFEWYLQKPGQSPKLLIYKVSNRFSGVPDRFSGSGSGTDFTLKISRVEAEDLGVYYCFQGSHIPFTFGSGTKLEIKRADAAPTVSIFPPSSEQLTSGGASVVCFLNNFYPKDINVKWKIDGSERQNGVLNSWTDQDSKDSTYSMSSTLTLTKDEYERHNSYTCEATHKTSTSPIVKSFNR,CC(C)[C@@H]([NH3+])C(=O)N1CCC[C@@H]1C(=O)NCC(=O)N[C@H](CO)C(=O)N[C@H](CCC(N)=O)C(=O)N[C@H](Cc1c[nH]cn1)C(=O)N[C@H](Cc1ccc(O)cc1)C(=O)N[C@H](CC(=O)[O-])C(=O)N[C@H](CO)C(=O)[O-],5.22
2pcp,DVLMTQTPLSLPVSLGDQASISCRSSQTIVHSNGNTYLEWYLQKPGQSPKLLIYKVTNRFSGVPDRFSGSGSGTDFTLKISRVEAEDLGVYYCFQGTHAPYTFGGGTKLEIKRADAAPTVSIFPPSSEQLTSGGASVVCFLNNFYPKDINVKWKIDGSERQNGVLNSWTDQDSKDSTYSMSSTLTLTKDEYERHNSYTCEATHKTSTSPIVKSFNR,c1ccc(C2([NH+]3CCCCC3)CCCCC2)cc1,8.7
1igj,VQLQQSGPELVKPGASVRMSCKSSGYIFTDFYMNWVRQSHGKSLDYIGYISPYSGVTGYNQKFKGKATLTVDKSSSTAYMELRSLTSEDSAVYYCAGSSGNKWAMDYWGHGASVTVSSAKTTAPSVYPLAPVCGDTTGSSVTLGCLVKGYFPEPVTLTWNSGSLSSGVHTFPAVLQSDLYTLSSSVTVTSSTWPSQSITCNVAHPASSTKVDKKIEP,C[C@H]1O[C@@H](O[C@H]2CC[C@@]3(C)[C@H](CC[C@@H]4[C@@H]3C[C@@H](O)[C@]3(C)[C@@H](C5=CC(=O)OC5)CC[C@]43O)C2)C[C@H](O)[C@@H]1O,10.0
1lbk,PPYTVVYFPVRGRCAALRMLLADQGQSWKEEVVTVETWQEGSLKASCLYGQLPKFQDGDLTLYQSNTILRHLGRTLGLYGKDQQEAALVDMVNDGVEDLRCKYISLIYTNYEAGKDDYVKALPGQLKPFETLLSQNQGGKTFIVGDQISFADYNLLDLLLIHEVLAPGCLDAFPLLSAYVGRLSARPKLKAFLASPEYVNLPMDEKSL,[NH3+][C@@H](CCC(=O)N[C@@H](CS)C(=O)NCC(=O)[O-])C(=O)[O-],3.18
2gss,PYTVVYFPVRGRCAALRMLLADQGQSWKEEVVTVETWQEGSLKASCLYGQLPKFQDGDLTLYQSNTILRHLGRTLGLYGKDQQEAALVDMVNDGVEDLRCKYISLIYTNYEAGKDDYVKALPGQLKPFETLLSQNQGGKTFIVGDQISFADYNLLDLLLIHEVLAPGCLDAFPLLSAYVGRLSARPKLKAFLASPEYVNLPINGNGKQ,C=C(CC)C(=O)c1ccc(OCC(=O)[O-])c(Cl)c1Cl,4.94
10gs,PYTVVYFPVRGRCAALRMLLADQGQSWKEEVVTVETWQEGSLKASCLYGQLPKFQDGDLTLYQSNTILRHLGRTLGLYGKDQQEAALVDMVNDGVEDLRCKYISLIYTNYEAGKDDYVKALPGQLKPFETLLSQNQGGKTFIVGDQISFADYNLLDLLLIHEVLAPGCLDAFPLLSAYVGRLSARPKLKAFLASPEYVNLPINGNGKQ,[NH3+][C@@H](CCC(=O)N[C@@H](CSCc1ccccc1)C(=O)N[C@@H](C(=O)[O-])c1ccccc1)C(=O)[O-],6.4
3su5,SHMASMKKKGSVVIVGRINLSGDTAYAQQTRGEEGCQETSQTGRDKNQVEGEVQIVSTATQTFLATSINGVLWTVYHGAGTRTIASPKGPVTQMYTNVDKDLVGWQAPQGSRSLTPCTCGSSDLYLVTRHADVIPVRRRGDSRGSLLSPRPISYLKGSAGGPLLCPAGHAVGIFRAAVSTRGVAKAVAFIPVESLETTMRS,CC[C@@H]1C[C@]1(NC(=O)[C@@H]1C[C@@H]2CN1C(=O)[C@H](C(C)(C)C)NC(=O)OCC(C)(C)CCCCc1cccc3cn(cc13)C(=O)O2)C(=O)NS(=O)(=O)C1CC1,5.58
3su2,HMASMKKKGSVVIVGRINLSGDTAYAQQTRGEEGCQETSQTGRDKNQVEGEVQIVSTATQTFLATSINGVLWTVYHGAGTRTIASPKGPVTQMYTNVDKDLVGWQAPQGSRSLTPCTCGSSDLYLVTRHADVIPVRRRGDSRGSLLSPRPISYLKGSAGGPLLCPAGHAVGIFRTAVSTRGVAKAVDFIPVESLETTM,CC(C)(C)OC(=O)N[C@H]1CCCCC/C=C\[C@@H]2C[C@@]2(C(=O)NS(=O)(=O)C2CC2)NC(=O)[C@@H]2C[C@@H](OC(=O)n3cc4cccc(F)c4c3)CN2C1=O,7.35
3su3,GSHMASMKKKGSVVIVGRINLSGDTAYAQQTRGEEGCQETSQTGRDKNQVEGEVQIVSTATQTFLATSINGVLWTVYHGAGTRTIASPKGPVTQMYTNVDKDLVGWQAPQGSRSLTPCTCGSSDLYLVTRHADVIPVRRRGDSRGSLLSPRPISYLKGSAGGPLLCPAGHAVGIFRAAVSTRGVAKAVDFIPVESLETTMR,CC[C@@H]1C[C@]1(NC(=O)[C@@H]1C[C@@H]2CN1C(=O)[C@H](C(C)(C)C)NC(=O)OCC(C)(C)CCCCc1cccc3cn(cc13)C(=O)O2)C(=O)NS(=O)(=O)C1CC1,9.13
3n7a,LIVNVINGPNLGRLGRREPAVYGGTTHDELVALIEREAAELGLKAVVRQSDSEAQLLDWIHQAADAAEPVILNAGGLTHTSVALRDACAELSAPLIEVHISNVHAREEFRRHSYLSPIATGVIVGLGIQGYLLALRYLAEH,O=C([O-])[C@]1(O)C=C[C@@H](O)[C@H](O)C1,3.7
3n86,SELIVNVINGPNLGRLGRREPAVYGGTTHDELVALIEREAAELGLKAVVRQSDSEAQLLDWIHQAADAAEPVILNAGGLTHTSVALRDACAELSAPLIEVHISNVHAREEFRRHSYLSPIATGVIVGLGIQGYLLALRYLAEH,O=C(CCC1=C[C@@](O)(C(=O)[O-])C[C@@H](O)[C@@H]1O)Nc1ccccc1,5.64
2xb8,LIVNVINGPNLGRLGRREPAVYGGTTHDELVALIEREAAELGLKAVVRQSDSEAQLLDWIHQAADAAEPVILNAGGLTHTSVALRDACAELSAPLIEVHISNVHAREEFRRHSYLSPIATGVIVGLGIQGYLLALRYLAEH,COc1ccc(C[C@H]2C(=O)[C@@H](O)[C@H](O)C[C@]2(O)C(=O)[O-])cc1,7.59
3ao4,SPGIWQLDCTHLEGKVILVAVHVASGYIEAEVIPAETGQETAYFLLKLAGRWPVKTVHTDNGSNFTGATVRAACDWAGIKQEIESMNKELKKIIGQVRDQAEHLKTAVQMAVFIHNHKRKGGIGGYSAGERIVDIIATD,Cn1nc(-c2ccc3c(c2)OCO3)cc1N,2.07
3zsx,SPGIWQLDCTHLEGKVILVAVHVASGYIEAEVIPAETGQETAYFLLKLAGRWPVKTVHTDNGSNFTSTTVKAACWWAGIKQEDGIPYNPQSQGVIESMNKELKKIIGQVRDQAEHLKTAVQMAVFIHNHKRKGYSAGERIVDIIATDIQ,C=CC[N+](Cc1ccccc1C(=O)NCc1ccccc1)Cc1ccc2c(c1C(=O)[O-])OCO2,3.28
3zso,SPGIWQLDCTHLEGKVILVAVHVASGYIEAEVIPAETGQETAYFLLKLAGRWPVKTVHTDNGSNFTSTTVKAACWWAGIKQEDGIPYNPQSQGVIESMNKELKKIIGQVRDQAEHLKTAVQMAVFIHNHKRKGYSAGERIVDIIATDIQT,C=CC[N+](Cc1ccccc1C(=O)NC(c1ccc(OC)cc1)c1ccc(OC)cc1)Cc1ccc2c(c1C(=O)[O-])OCO2,5.12
3nq3,LIVTQTMKGLDIQKVAGTWYSLAMAASDISLLDAQSAPLRVYVEELKPTPEGDLEILLQKWENGECAQKKIIAEKTKIPAVFKIDALNENKVLVLDTDYKKYLLFCMENSAEPEQSLACQCLVRTPEVDDEALEKFDKALKALPMHIRLSFNPTQLEEQCHI,CCCCCCCCCC(=O)[O-],3.78
3ueu,IVTQTMKGLDIQKVAGTWYSLAMAASDISLLDAQSAPLRVYVEELKPTPEGDLEILLQKWENGECAQKKIIAEKTKIPAVFKIDALNENKVLVLDTDYKKYLLFCMENSLACQCLVRTPEVDDEALEKFDKALKALPMHIRLSFNPTQLEEQCHI,CCCCCCCCCCCC(=O)[O-],5.24
3uex,LIVTQTMKGLDIQKVAGTWYSLAMAASDISLLDAQSAPLRVYVEELKPTPEGDLEILLQKWENGECAQKKIIAEKTKIPAVFKIDALNENKVLVLDTDYKKYLLFCMENPEQSLACQCLVRTPEVDDEALEKFDKALKALPMHIRLSFNPTQLEEQCHI,CCCCCCCCCCCCCCCCCC(=O)[O-],6.92
3lka,GPVWRKHYITYRINNYTPDMNREDVDYAIRKAFQVWSNVTPLKFSKINTGMADILVVFARGAHGDDHAFDGKGGILAHAFGPGSGIGGDAHFDEDEFWTTHSGGTNLFLTAVHEIGHSLGLGHSSDPKAVMFPTYKYVDINTFRLSADDIRGIQSLYG,COc1ccc(S(N)(=O)=O)cc1,2.82
3ehy,GPVWRKHYITYRINNYTPDMNREDVDYAIRKAFQVWSNVTPLKFSKINTGMADILVVFARGAHGDDHAFDGKGGILAHAFGPGSGIGGDAHFDEDEFWTTHSGGTNLFLTAVHEIGHSLGLGHSSDPKAVMFPTYKYVDINTFRLSADDIRGIQSLYG,COc1ccc(S(=O)(=O)N[C@H](C)C(=O)[O-])cc1,5.85
3f17,GPVWRKHYITYRINNYTPDMNREDVDYAIRKAFQVWSNVTPLKFSKINTGMADILVVFARGAHGDDHAFDGKGGILAHAFGPGSGIGGDAHFDEDEFWTTHSGGTNLFLTAVHEIGHSLGLGHSSDPKAVMFPTYKYVDINTFRLSADDIRGIQSLYG,O=NC(=O)CNS(=O)(=O)c1ccc(-c2ccccc2)cc1,8.63
3cft,CPLMVKVLDAVRGSPAINVAVHVFRKAADDTWEPFASGKTSESGELHGLTTEEEFVEGIYKVEIDTKSYWKALGISPFHEHAEVVFTANDSGPRRYTIAALLSPYSYSTTAVVTNP,Nc1cccc2c(S(=O)(=O)[O-])cccc12,4.19
4des,CPLMVKVLDAVRGSPAINVAVHVFRKAADDTWEPFASGKTSESGELHGLTTEEEFVEGIYKVEIDTKSYWKALGISPFHEHAEVVFTANDSGPRRYTIAALLSPYSYSTTAVVTNP,O=c1cc(-c2ccccc2)oc2cc(O)cc(O)c12,5.85
4dew,CPLMVKVLDAVRGSPAINVAVHVFRKAADDTWEPFASGKTSESGELHGLTTEEEFVEGIYKVEIDTKSYWKALGISPFHEHAEVVFTANDSGPRRYTIAALLSPYSYSTTAVVTNP,O=c1cc(-c2ccc(O)c(O)c2)oc2cc(O)cc(O)c12,7.0
3dxg,KETAAAKFERQHMDSSTSAASSSNYCNQMMKSRNLTKDRCKPVNTFVHESLADVQAVCSQKNVACKNGQTNCYQSYSTMSITDCRETGSSKYPNCAYKTTQANKHIIVACEGNPYVPVHFDASV,O=c1ccn([C@@H]2O[C@H](COP(=O)([O-])[O-])[C@@H](O)[C@H]2O)c(=O)[nH]1,2.4
1w4o,KETAAAKFERQHMDSSTSAASSSNYCNQMMKSRNLTKDRCKPVNTFVHESLADVQAVCSQKNVACKNGQTNCYQSYSTMSITDCRETGSSKYPNCAYKTTQANKHIIVACEGNPYVPVHFDASV,O=c1ccn([C@@H]2O[C@H](CO)[C@@H](OP(=O)([O-])[O-])[C@@H]2O)c(=O)[nH]1,5.22
1u1b,KETAAAKFERQHMDSSTSAASSSNYCNQMMKSRNLTKDRCKPVNTFVHESLADVQAVCSQKNVACKNGQTNCYQSYSTMSITDCRETGSSKYPNCAYKTTQANKHIIVACEGNPYVPVHFDASV,Cc1cn([C@H]2C[C@H](O[P@](=O)([O-])O[P@](=O)([O-])OC[C@H]3O[C@@H](n4cnc5c(N)ncnc54)[C@H](O)[C@@H]3OP(=O)([O-])[O-])[C@@H](COP(=O)([O-])[O-])O2)c(=O)[nH]c1=O,7.8
3ov1,MKPHPWFFGKIPRAKAEEMLSKQRHDGAFLIRESESAPGDFSLSVKFGNDVQHFKVLRDGAGKYFLWVVKFNSLNELVDYHRSTSVSRNQQIFLRDIEQVPQ,CC(=O)N[C@@H](Cc1ccc(OP(=O)([O-])[O-])cc1)C(=O)NC1(C(=O)N[C@@H](CC(N)=O)C(N)=O)CC1,5.2
3s8o,EMKPHPWFFGKIPRAKAEEMLSKQRHDGAFLIRESESAPGDFSLSVKFGNDVQHFKVLRDGAGKYFLWVVKFNSLNELVDYHRSTSVSRNQQIFLRDIEQV,CC(=O)N[C@@H](Cc1ccc(OP(=O)([O-])[O-])cc1)C(=O)NC1(C(=O)N[C@@H](CC(N)=O)C(N)=O)CCCCC1,6.85
1jyq,GSMAWFFGKIPRAKAEEMLSKQRHDGAFLIRESESAPGDFSLSVKFGNDVQHFKVLRDGAGKYFLWVVKFNSLNELVDYHRSTSVSRNQQIFLRDI,C[C@@](Cc1ccc(OP(=O)([O-])[O-])cc1)(NC(=O)[C@H](Cc1ccc(OP(=O)([O-])[O-])cc1)NC(=O)OCc1cccc(N)c1)C(=O)N[C@@H](CC(N)=O)C(=O)[O-],8.7
1a30,PQITLWKRPLVTIKIGGQLKEALLDTGADDTVIEEMSLPGRWKPKMIGGIGGFIKVRQYDQIIIEICGHKAIGTVLVGPTPVNIIGRNLLTQIGCTLNF,CC(C)C[C@H](NC(=O)[C@H](CC(=O)[O-])NC(=O)[C@@H]([NH3+])CCC(=O)[O-])C(=O)[O-],4.3
3cyx,PQITLWKRPLVTIKIGGQLKEALLDTGADDTVIEEMSLPGRWKPKMIGGVGGFIKVRQYDQIIIEIAGHKAIGTVLVGPTPVNIIGRNLLTQIGATLNF,CC(C)(C)NC(=O)[C@@H]1C[C@@H]2CCCC[C@@H]2C[N@H+]1C[C@@H](O)[C@H](Cc1ccccc1)NC(=O)[C@H](CC(N)=O)NC(=O)c1ccc2ccccc2n1,8.0
4djr,PQITLWKRPLVTIRIGGQLKEALLDTGADDTVLEEMNLPGKWKPKMIGGIGGFIKVRQYDQIPIEICGHKAIGTVLVGPTPVNIIGRNLLTQIGCTLNF,CC[C@H](C)CN(C[C@@H](O)[C@H](Cc1ccccc1)NC(=O)OC[C@@H]1CCC(=O)N1)S(=O)(=O)c1ccc2ncsc2c1,11.52
3i3b,RRDWENPGVTQLNRLAAHPPFASWRNSEEARTDRPSQQLRSLNGEWRFAWFPAPEAVPESWLECDLPEADTVVVPSNWQMHGYDAPIYTNVTYPITVNPPFVPTENPTGCYSLTFNVDESWLQEGQTRIIFDGVNSAFHLWCNGRWVGYGQDSRLPSEFDLSAFLRAGENRLAVMVLRWSDGSYLEDQDMWRMSGIFRDVSLLHKPTTQISDFHVATRFNDDFSRAVLEAEVQMCGELRDYLRVTVSLWQGETQVASGTAPFGGEIIDERGGYADRVTLRLNVENPKLWSAEIPNLYRAVVELHTADGTLIEAEACDVGFREVRIENGLLLLNGKPLLIRGVNRHEHHPLHGQVMDEQTMVQDILLMKQNNFNAVRCSHYPNHPLWYTLCDRYGLYVVDEANIETHGMVPMNRLTDDPRWLPAMSERVTRMVQRDRNHPSVIIWSLGNESGHGANHDALYRWIKSVDPSRPVQYEGGGADTTATDIICPMYARVDEDQPFPAVPKWSIKKWLSLPGETRPLILCEYAHAAGNSLGGFAKYWQAFRQYPRLQGGFVWDWVDQSLIKYDENGNPWSAYGGDFGDTPNDRQFCMNGLVFADRTPHPALTEAKHQQQFFQFRLSGQTIEVTSEYLFRHSDNELLHWMVALDGKPLASGEVPLDVAPQGKQLIELPELPQPESAGQLWLTVRVVQPNATAWSEAGHISAWQQWRLAENLSVTLPAASHAIPHLTTSEMDFCIELGNKRWQFNRQSGFLSQMWIGDKKQLLTPLRDQFTRAPLDNDIGVSEATRIDPNAWVERWKAAGHYQAEAALLQCTADTLADAVLITTAHAWQHQGKTLFISRKTYRIDGSGQMAITVDVEVASDTPHPARIGLNCQLAQVAERVNWLGLGPQENYPDRLTAACFDRWDLPLSDMYTPYVFPSENGLRCGTRELNYGPHQWRGDFQFNISRYSQQQLMETSHRHLLHAEEGTWLNIDGFHMGIGGDDSWSPSVSAEFQLSAGRYHYQLVWCQK,O=C1O[C@H](CO)[C@H](O)[C@H](O)[C@H]1O,2.23
3muz,RRDWENPGVTQLNRLAAHPPFASWRNSEEARTDRPSQQLRSLNGEWRFAWFPAPEAVPESWLECDLPEADTVVVPSNWQMHGYDAPIYTNVTYPITVNPPFVPTENPTGCYSLTFNVDESWLQEGQTRIIFDGVNSAFHLWCNGRWVGYGQDSRLPSEFDLSAFLRAGENRLAVMVLRWSDGSYLEDQDMWRMSGIFRDVSLLHKPTTQISDFHVATRFNDDFSRAVLEAEVQMCGELRDYLRVTVSLWQGETQVASGTAPFGGEIIDERGGYADRVTLRLNVENPKLWSAEIPNLYRAVVELHTADGTLIEAEACDVGFREVRIENGLLLLNGKPLLIRGVNRHEHHPLHGQVMDEQTMVQDILLMKQNNFNAVRCSHYPNHPLWYTLCDRYGLYVVDEANIETHGMVPMNRLTDDPRWLPAMSERVTRMVQRDRNHPSVIIWSLGNESGHGANHDALYRWIKSVDPSRPVQYEGGGADTTATDIICPMYARVDEDQPFPAVPKWSIKKWLSLPGETRPLILCEYAHAMGNSLGGFAKYWQAFRQYPRLQGGFVWDWVDQSLIKYDENGNPWSAYGGDFGDTPNDAQFCMNGLVFADRTPHPALTEAKHQQQFFQFRLSGQTIEVTSEYLFRHSDNELLHWMVALDGKPLASGEVPLDVAPQGKQLIELPELPQPESAGQLWLTVRVVQPNATAWSEAGHISAWQQWRLAENLSVTLPAASHAIPHLTTSEMDFCIELGNKRWQFNRQSGFLSQMWIGDKKQLLTPLRDQFTRAPLDNDIGVSEATRIDPNAWVERWKAAGHYQAEAALLQCTADTLADAVLITTAHAWQHQGKTLFISRKTYRIDGSGQMAITVDVEVASDTPHPARIGLNCQLAQVAERVNWLGLGPQENYPDRLTAACFDRWDLPLSDMYTPYVFPSENGLRCGTRELNYGPHQWRGDFQFNISRYSQQQLMETSHRHLLHAEEGTWLNIDGFHMGIGGDDSWSPSVSAEFQLSAGRYHYQLVWCQK,CC(C)S[C@@H]1O[C@H](CO)[C@H](O)[C@H](O)[C@H]1O,3.46
3vd4,VVLQRRDWENPGVTQLNRLAAHPPFASWRNSEEARTDRPSQQLRSLNGEWRFAWFPAPEAVPESWLECDLPEADTVVVPSNWQMHGYDAPIYTNVTYPITVNPPFVPTENPTGCYSLTFNVDESWLQEGQTRIIFDGVNSAFHLWCNGRWVGYGQDSRLPSEFDLSAFLRAGENRLAVMVLRWSDGSYLEDQDMWRMSGIFRDVSLLHKPTTQISDFHVATRFNDDFSRAVLEAEVQMCGELRDYLRVTVSLWQGETQVASGTAPFGGEIIDERGGYADRVTLRLNVENPKLWSAEIPNLYRAVVELHTADGTLIEAEACDVGFREVRIENGLLLLNGKPLLIRGVNRHEHHPLHGQVMDEQTMVQDILLMKQNNFNAVRCSHYPNHPLWYTLCDRYGLYVVDEANIETHGMVPMNRLTDDPRWLPAMSERVTRMVQRDRNHPSVIIWSLGDESGHGANHDALYRWIKSVDPSRPVQYEGGGADTTATDIICPMYARVDEDQPFPAVPKWSIKKWLSLPGETRPLILCEYAHAMGNSLGGFAKYWQAFRQYPRLQGGFVWDWVDQSLIKYDENGNPWSAYGGDFGDTPNDRQFCMNGLVFADRTPHPALTEAKHQQQFFQFRLSGQTIEVTSEYLFRHSDNELLHWMVALDGKPLASGEVPLDVAPQGKQLIELPELPQPESAGQLWLTVRVVQPNATAWSEAGHISAWQQWRLAENLSVTLPAASHAIPHLTTSEMDFCIELGNKRWQFNRQSGFLSQMWIGDKKQLLTPLRDQFTRAPLDNDIGVSEATRIDPNAWVERWKAAGHYQAEAALLQCTADTLADAVLITTAHAWQHQGKTLFISRKTYRIDGSGQMAITVDVEVASDTPHPARIGLNCQLAQVAERVNWLGLGPQENYPDRLTAACFDRWDLPLSDMYTPYVFPSENGLRCGTRELNYGPHQWRGDFQFNISRYSQQQLMETSHRHLLHAEEGTWLNIDGFHMGIGGDDSWSPSVSAEFQLSAGRYHYQLVWCQK,CC(C)S[C@@H]1O[C@H](CO)[C@H](O)[C@H](O)[C@H]1O,4.82
2vo5,NDTSEVMLLDTGWEFSQSGTEKWMPATVPGTVHQDLISHELLPNPFYGMNEKKIQWVENEDWEYRTSFIVSEEQLNRDGIQLIFEGLDTYADVYLNGSLLLKADNMFVGYTLPVKSVLRKGENHLYIYFHSPIRQTLPQYASNGFNYPADNDHHEKHLSVFSRKAPYSYGWDWGIRMVTSGVWRPVTLRFYDIATISDYYVRQLSLTDENARLSNELIVNQIVPQKIPAEVRVNVSLNGTTVTEVKQQVTLQPGINHITLPAEVTNPVRWMPNGWGTPTLYDFSAQIACGDRIVAEQSHRIGLRTIRVVNEKDKDGESFYFEVNGIPMFAKGANYIPQDALLPNVTTERYQTLFRDMKEANMNMVRIWGGGTYENNLFYDLADENGILVWQDFMFACTPYPSDPTFLKRVEAEAVYNIRRLRNHASLAMWCGNNEILEALKYWGFEKKFTPEVYQGLMHGYDKLFRELLPSTVKEFDSDRFYVHSSPYLANWGRPESWGTGDSHNWGVWYGKKPFESLDTDLPRFMSEFGFQSFPEMKTIAAFAAPEDYQIESEVMNAHQKSSIGNSLIRTYMERDYIIPESFEDFVYVGLVLQGQGMRHGLEAHRRNRPYCMGTLYWQLNDSWPVVSWSSIDYYGNWKALHYQAKRAFAPVLINPIQQNDSLSVYLISDRLDTMEQMTLEMKVVDFDGKTLGKKIQVHSLEVPANTSKCVYRAKLDGWLTPEDCRRSFLKLILKDKSGHQVAESVHFFRKTKDLQLPPTSVSYQMKQTDGKCELTLFSSMLAKDIFIETPLQGARYSDNFFDLLPGERKKVIITSPRIKLPVNIKHIRETYK,OC[C@H]1C[C@@H]2[C@@H](O)[C@@H](O)[C@@]1(O)C[N@@H+]2Cc1ccccc1,4.89
2vl4,NDTSEVMLLDTGWEFSQSGTEKWMPATVPGTVHQDLISHELLPNPFYGMNEKKIQWVENEDWEYRTSFIVSEEQLNRDGIQLIFEGLDTYADVYLNGSLLLKADNMFVGYTLPVKSVLRKGENHLYIYFHSPIRQTLPQYASNGFNYPADNDHHEKHLSVFSRKAPYSYGWDWGIRMVTSGVWRPVTLRFYDIATISDYYVRQLSLTDENARLSNELIVNQIVPQKIPAEVRVNVSLNGTTVTEVKQQVTLQPGINHITLPAEVTNPVRWMPNGWGTPTLYDFSAQIACGDRIVAEQSHRIGLRTIRVVNEKDKDGESFYFEVNGIPMFAKGANYIPQDALLPNVTTERYQTLFRDMKEANMNMVRIWGGGTYENNLFYDLADENGILVWQDFMFACTPYPSDPTFLKRVEAEAVYNIRRLRNHASLAMWCGNNEILEALKYWGFEKKFTPEVYQGLMHGYDKLFRELLPSTVKEFDSDRFYVHSSPYLANWGRPESWGTGDSHNWGVWYGKKPFESLDTDLPRFMSEFGFQSFPEMKTIAAFAAPEDYQIESEVMNAHQKSSIGNSLIRTYMERDYIIPESFEDFVYVGLVLQGQGMRHGLEAHRRNRPYCMGTLYWQLNDSWPVVSWSSIDYYGNWKALHYQAKRAFAPVLINPIQQNDSLSVYLISDRLDTMEQMTLEMKVVDFDGKTLGKKIQVHSLEVPANTSKCVYRAKLDGWLTPEDCRRSFLKLILKDKSGHQVAESVHFFRKTKDLQLPPTSVSYQMKQTDGKCELTLFSSMLAKDIFIETPLQGARYSDNFFDLLPGERKKVIITSPRIKKEELPVNIKHIRETYK,OC[C@H]1C[NH2+][C@@H](O)[C@@H](O)[C@@H]1O,6.01
2vot,NDTSEVMLLDTGWEFSQSGTEKWMPATVPGTVHQDLISHELLPNPFYGMNEKKIQWVENEDWEYRTSFIVSEEQLNRDGIQLIFEGLDTYADVYLNGSLLLKADNMFVGYTLPVKSVLRKGENHLYIYFHSPIRQTLPQYASNGFNYPADNDHHEKHLSVFSRKAPYSYGWDWGIRMVTSGVWRPVTLRFYDIATISDYYVRQLSLTDENARLSNELIVNQIVPQKIPAEVRVNVSLNGTTVTEVKQQVTLQPGINHITLPAEVTNPVRWMPNGWGTPTLYDFSAQIACGDRIVAEQSHRIGLRTIRVVNEKDKDGESFYFEVNGIPMFAKGANYIPQDALLPNVTTERYQTLFRDMKEANMNMVRIWGGGTYENNLFYDLADENGILVWQDFMFACTPYPSDPTFLKRVEAEAVYNIRRLRNHASLAMWCGNNEILEALKYWGFEKKFTPEVYQGLMHGYDKLFRELLPSTVKEFDSDRFYVHSSPYLANWGRPESWGTGDSHNWGVWYGKKPFESLDTDLPRFMSEFGFQSFPEMKTIAAFAAPEDYQIESEVMNAHQKSSIGNSLIRTYMERDYIIPESFEDFVYVGLVLQGQGMRHGLEAHRRNRPYCMGTLYWQLNDSWPVVSWSSIDYYGNWKALHYQAKRAFAPVLINPIQQNDSLSVYLISDRLDTMEQMTLEMKVVDFDGKTLGKKIQVHSLEVPANTSKCVYRAKLDGWLTPEDCRRSFLKLILKDKSGHQVAESVHFFRKTKDLQLPPTSVSYQMKQTDGKCELTLFSSMLAKDIFIETPLQGARYSDNFFDLLPGERKKVIITSPRIKKGEELPVNIKHIRETYK,OC[C@@H]1[C@@H](O)[C@H](O)[C@H](O)c2nc(CNc3ccccc3)cn21,7.14
1n1m,SRKTYTLTDYLKNTYRLKLYSLRWISDHEYLYKQENNILVFNAEYGNSSVFLENSTFDEFGHSINDYSISPDGQFILLEYNYVKQWRHSYTASYDIYDLNKRQLITEERIPNNTQWVTWSPVGHKLAYVWNNDIYVKIEPNLPSYRITWTGKEDIIYNGITDWVYEEEVFSAYSALWWSPNGTFLAYAQFNDTEVPLIEYSFYSDESLQYPKTVRVPYPKAGAVNPTVKFFVVNTDSLSSVTNATSIQITAPASMLIGDHYLCDVTWATQERISLQWLRRIQNYSVMDICDYDESSGRWNCLVARQHIEMSTTGWVGRFRPSEPHFTLDGNSFYKIISNEEGYRHICYFQIDKKDCTFITKGTWEVIGIEALTSDYLYYISNEYKGMPGGRNLYKIQLSDYTKVTCLSCELNPERCQYYSVSFSKEAKYYQLRCSGPGLPLYTLHSSVNDKGLRVLEDNSALDKMLQNVQMPSKKLDFIILNETKFWYQMILPPHFDKSKKYPLLLDVYAGPCSQKADTVFRLNWATYLASTENIIVASFDGRGSGYQGDKIMHAINRRLGTFEVEDQIEAARQFSKMGFVDNKRIAIWGWSYGGYVTSMVLGSGSGVFKCGIAVAPVSRWEYYDSVYTERYMGLPTPEDNLDHYRNSTVMSRAENFKQVEYLLIHGTADDNVHFQQSAQISKALVDVGVDFQAMWYTDEDHGIASSTAHQHIYTHMSHFIKQCFSLP,CC(C)[C@H]([NH3+])C(=O)N1CCCC1,5.7
2ole,SRKTYTLTDYLKNTYRLKLYSLRWISDHEYLYKQENNILVFNAEYGNSSVFLENSTFDEFGHSINDYSISPDGQFILLEYNYVKQWRHSYTASYDIYDLNKRQLITEERIPNNTQWVTWSPVGHKLAYVWNNDIYVKIEPNLPSYRITWTGKEDIIYNGITDWVYEEEVFSAYSALWWSPNGTFLAYAQFNDTEVPLIEYSFYSDESLQYPKTVRVPYPKAGAVNPTVKFFVVNTDSLSSVTNATSIQITAPASMLIGDHYLCDVTWATQERISLQWLRRIQNYSVMDICDYDESSGRWNCLVARQHIEMSTTGWVGRFRPSEPHFTLDGNSFYKIISNEEGYRHICYFQIDKKDCTFITKGTWEVIGIEALTSDYLYYISNEYKGMPGGRNLYKIQLSDYTKVTCLSCELNPERCQYYSVSFSKEAKYYQLRCSGPGLPLYTLHSSVNDKGLRVLEDNSALDKMLQNVQMPSKKLDFIILNETKFWYQMILPPHFDKSKKYPLLLDVYAGPCSQKADTVFRLNWATYLASTENIIVASFDGRGSGYQGDKIMHAINRRLGTFEVEDQIEAARQFSKMGFVDNKRIAIWGWSYGGYVTSMVLGSGSGVFKCGIAVAPVSRWEYYDSVYTERYMGLPTPEDNLDHYRNSTVMSRAENFKQVEYLLIHGTADDNVHFQQSAQISKALVDVGVDFQAMWYTDEDHGIASSTAHQHIYTHMSHFIKQCFSLP,[NH3+][C@@H](CC(=O)N1CCCCC[N@H+]1C(=O)c1ccccc1)Cc1cc(F)c(F)cc1F,7.25
3nox,RKTYTLTDYLKNTYRLKLYSLRWISDHEYLYKQENNILVFNAEYGNSSVFLENSTFDEFGHSINDYSISPDGQFILLEYNYVKQWRHSYTASYDIYDLNKRQLITEERIPNNTQWVTWSPVGHKLAYVWNNDIYVKIEPNLPSYRITWTGKEDIIYNGITDWVYEEEVFSAYSALWWSPNGTFLAYAQFNDTEVPLIEYSFYSDESLQYPKTVRVPYPKAGAVNPTVKFFVVNTDSLSSVTNATSIQITAPASMLIGDHYLCDVTWATQERISLQWLRRIQNYSVMDICDYDESSGRWNCLVARQHIEMSTTGWVGRFRPSEPHFTLDGNSFYKIISNEEGYRHICYFQIDKKDCTFITKGTWEVIGIEALTSDYLYYISNEYKGMPGGRNLYKIQLSDYTKVTCLSCELNPERCQYYSVSFSKEAKYYQLRCSGPGLPLYTLHSSVNDKGLRVLEDNSALDKMLQNVQMPSKKLDFIILNETKFWYQMILPPHFDKSKKYPLLLDVYAGPCSQKADTVFRLNWATYLASTENIIVASFDGRGSGYQGDKIMHAINRRLGTFEVEDQIEAARQFSKMGFVDNKRIAIWGWSYGGYVTSMVLGSGSGVFKCGIAVAPVSRWEYYDSVYTERYMGLPTPEDNLDHYRNSTVMSRAENFKQVEYLLIHGTADDNVHFQQSAQISKALVDVGVDFQAMWYTDEDHGIASSTAHQHIYTHMSHFIKQCFSLP,Cc1nc2nc(C(=O)N3CCOCC3)cn2c(-c2ccc(Cl)cc2Cl)c1C[NH3+],8.66
1hnn,AVASAYQRFEPRAYLRNNYAPPRGDLCNPNGVGPWKLRCLAQTFATGEVSGRTLIDIGSGPTVYQLLSACSHFEDITMTDFLEVNRQELGRWLQEEPGAFNWSMYSQHACLIEGKGECWQDKERQLRARVKRVLPIDVHQPQPLGAGSPAPLPADALVSAFCLEAVSPDLASFQRALDHITTLLRPGGHLLLIGALEESWYLAGEARLTVVPVSEEEVREALVRSGYKVRDLRTYIMPAHLQTGVDDVKGVFFAWAQKVGL,NS(=O)(=O)c1ccc2c(c1)C[NH2+]CC2,6.24
2g70,QAAVASAYQRFEPRAYLRNNYAPPRGDLCNPNGVGPWKLRCLAQTFATGEVSGRTLIDIGSGPTVYQLLSACSHFEDITMTDFLEVNRQELGRWLQEEPGAFNWSMYSQHACLIEGKGECWQDKERQLRARVKRVLPIDVHQPQPLGAGSPAPLPADALVSAFCLEAVSPDLASFQRALDHITTLLRPGGHLLLIGALEESWYLAGEARLTVVPVSEEEVREALVRSGYKVRDLRTYIMPAHLQTGVDDVKGVFFAWAQKV,O=[N+]([O-])c1ccc2c(c1)C[NH2+][C@@H](CO)C2,7.77
2obf,ASAYQRFEPRAYLRNNYAPPRGDLCNPNGVGPWALRCLAQTFATGEVSGRTLIDIGSGPTVYQLLSACSHFEDITMTDFLEVNRQELGRWLQEEPGAFNWSMYSQHACLIEGKGECWQDKERQLRARVKRVLPIDVHQPQPLGAGSPAPLPADALVSAFCLEAVSPDLASFQRALDHITTLLRPGGHLLLIGALEESWYLAGEARLTVVPVSEEEVREALVRSGYKVRDLRTYIMPAHLQTGVDDVKGVFFAWAQKV,O=S(=O)(Nc1ccc(Cl)cc1)c1ccc2c(c1)C[NH2+][C@@H](CO)C2,8.85
1z95,IFLNVLEAIEPGVVCAGHDNNQPDSFAALLSSLNELGERQLVHVVKWAKALPGFRNLHVDDQMAVIQYSLMGLMVFAMGWRSFTNVNSRMLYFAPDLVFNEYRMHKSRMYSQCVRMRHLSQEFGWLQITPQEFLCMKALLLFSIIPVDGLKNQKFFDELRMNYIKELDRIIACSRRFYQLTKLLDSVQPIARELHQFTFDLLIKSHMVSVDFPEMMAEIISVQVPKILSGKVKPIYFH,C[C@](O)(CS(=O)(=O)c1ccc(F)cc1)C(=O)Nc1ccc(C#N)c(C(F)(F)F)c1,7.12
3b68,PIFLNVLEAIEPGVVCAGHDNNQPDSFAALLSSLNELGERQLVHVVKWAKALPGFRNLHVDDQMAVIQYSWMGLMVFAMGWRSFTNVNSRMLYFAPDLVFNEYRMHKSRMYSQCVRMRHLSQEFGWLQITPQEFLCMKALLLFSIIPVDGLKNQKFFDELRMNYIKELDRIIACKRKNPTSCSRRFYQLTKLLDSVQPIARELHQFTFDLLIKSHMVSVDFPEMMAEIISVQVPKILSGKVKPIYFH,CC(=O)Nc1ccc(OC[C@](C)(O)C(=O)Nc2ccc([N+](=O)[O-])c(C(F)(F)F)c2)cc1,8.4
3g0w,QPIFLNVLEAIEPGVVCAGHDNNQPDSFAALLSSLNELGERQLVHVVKWAKALPGFRNLHVDDQMAVIQYSWMGLMVFAMGWRSFTNVNSRMLYFAPDLVFNEYRMHKSRMYSQCVRMRHLSQEFGWLQITPQEFLCMKALLLFSIIPVDGLKNQKFFDELRMNYIKELDRIIACKRKNPTSCSRRFYQLTKLLDSVQPIARELHQFTFDLLIKSHMVSVDFPEMMAEIISVQVPKILSGKVKPIYFHT,Cc1c(/N=C2\O[C@@H](C(F)(F)F)[C@@H]3[C@@H](O)CCN23)ccc(C#N)c1Cl,9.52
1sln,FRTFPGIPKWRKTHLTYRIVNYTPDLPKDAVDSAVEKALKVWEEVTPLTFSRLYEGEADIMISFAVREHGDFYPFDGPGNVLAHAYAPGPGINGDAHFDDDEQWTKDTTGTNLFLVAAHEIGHSLGLFHSANTEALMYPLYHSLTDLTRFRLSQDDINGIQSLYGPPP,C[C@@H]([NH2+][C@@H](CCc1ccccc1)C(=O)N[C@@H](CCCNC(N)=[NH2+])C(=O)Nc1ccccc1)C(=O)[O-],6.64
2d1o,FRTFPGIPKWRKTHLTYRIVNYTPDLPKDAVDSAVEKALKVWEEVTPLTFSRLYEGEADIMISFAVREHGDFYPFDGPGNVLAHAYAPGPGINGDAHFDDDEQWTKDTTGTNLFLVAAHEIGHSLGLFHSANTEALMYPLYHSLTDLTRFRLSQDDINGIQSLYGPPPDSP,NC(=[NH2+])NCc1ccccc1CCCCCCCCCC(=O)N[C@H](CCCC[NH3+])C(=O)NO,7.7
1hfs,GIPKWRKTHLTYRIVNYTPDLPKDAVDSAVEKALKVWEEVTPLTFSRLYEGEADIMISFAVREHGDFYPFDGPGNVLAHAYAPGPGINGDAHFDDDEQWTKDTTGTNLFLVAAHEIGHSLGLFHSANTEALMYPLYHSLTDLTRFRLSQDDINGIQSLYG,CC(C)C[C@H](NC(=O)[C@H](CCc1ccc(-c2ccc(F)cc2)cc1)C[C@H](CCCCN1Cc2ccccc2C1=O)C(=O)[O-])C(=O)Nc1ccccc1,8.7
2jdy,ATQGVFTLPANTRFGVTAFANSSNTQTVNVLVNNETAATFSGQSTNNAVIGTQVLNSGSSGKVQVQVSVNGRPSDLVSAQVILTNELNFALVGSEDGTDNDYNDAVVVINWPLG,CO[C@H]1O[C@H](CO)[C@@H](O)[C@H](O)[C@@H]1O,4.37
2jdm,ATQGVFTLPANTRFGVTAFANASGTQTVNVLVNNETAATFSGQSTNNAVIGTQVLNSGSSGKVQVQVSVNGRPSDLVSAQVILTNELNFALVGSEDGTDNDYNDAVVVINWPLG,CO[C@@H]1O[C@@H](C)[C@@H](O)[C@@H](O)[C@@H]1O,5.4
2jdu,ATQGVFTLPANTRFGVTAFANSSNTQTVNVLVNNETAATFSGQSTNNAVIGTQVLNSGSSGKVQVQVSVNGRPSDLVSAQVILTNELNFALVGSEDGTDNDYNDAVVVINWPLG,CO[C@@H]1O[C@@H](C)[C@@H](O)[C@@H](O)[C@@H]1O,6.72
